fixture_id,date_utc,league_id,home_team_id,away_team_id,y_over25,p_over,p_over_mkt,alpha_used
1387820,2025-11-28 19:45:00,61,112,94,0,0.5295632647226423,0.5403016,0.65
1387821,2025-11-29 16:00:00,61,91,85,0,0.6218576136452639,0.6590148,0.65
1387822,2025-11-29 18:00:00,61,114,108,0,0.5234985828015102,0.5198123,0.65
1387819,2025-11-29 20:05:00,61,81,96,1,0.5503481384689592,0.50183153,0.65
1387823,2025-11-30 14:00:00,61,95,106,1,0.5235672558076551,0.51876956,0.65
1387816,2025-11-30 16:15:00,61,111,79,0,0.5399297918600208,0.49529782,0.65
1387815,2025-11-30 16:15:00,61,77,116,1,0.5286473187910922,0.5286458,0.65
1387817,2025-11-30 16:15:00,61,97,84,1,0.5292102822312174,0.5313808,0.65
1387818,2025-11-30 19:45:00,61,80,83,1,0.5480464136311798,0.5639835,0.65
1387825,2025-12-05 18:00:00,61,106,91,0,0.5698204415997448,0.58781725,0.65
1387827,2025-12-05 20:00:00,61,79,81,0,0.5753144025169858,0.54592633,0.65
1387829,2025-12-06 16:00:00,61,83,116,1,0.5427916368618237,0.5496104,0.65
1387832,2025-12-06 18:00:00,61,96,95,0,0.5134162066882326,0.5088634,0.65
1387831,2025-12-06 20:05:00,61,85,94,1,0.6592654267884381,0.6677647,0.65
1387830,2025-12-07 14:00:00,61,84,77,0,0.5286087132442088,0.5239833,0.65
1387826,2025-12-07 16:15:00,61,111,114,0,0.49851128139507006,0.49373695,0.65
1387824,2025-12-07 16:15:00,61,108,112,1,0.5110482575691816,0.50340134,0.65
1387828,2025-12-07 19:45:00,61,97,80,0,0.5125509742939431,0.5072917,0.65
1379090,2025-11-29 15:00:00,39,55,44,1,0.5228722042816164,0.5195618,0.65
1379096,2025-11-29 15:00:00,39,746,35,1,0.5378572893154319,0.49556598,0.65
1379094,2025-11-29 15:00:00,39,50,63,1,0.5813747842095883,0.6046278,0.65
1379093,2025-11-29 17:30:00,39,45,34,1,0.4519013571776085,0.47941637,0.65
1379097,2025-11-29 20:00:00,39,47,36,1,0.5158758399539723,0.52137643,0.65
1379092,2025-11-30 12:00:00,39,52,33,1,0.5426288285942443,0.54805195,0.65
1379095,2025-11-30 14:05:00,39,65,51,0,0.5184033087797377,0.52378464,0.65
1379089,2025-11-30 14:05:00,39,66,39,0,0.5126976006042328,0.52582157,0.65
1379098,2025-11-30 14:05:00,39,48,40,0,0.5957389863452476,0.6246889,0.65
1379091,2025-11-30 16:30:00,39,49,42,0,0.5486776806137392,0.49686193,0.65
1379100,2025-12-02 19:30:00,39,35,45,0,0.5047645734324643,0.4893062,0.65
1379103,2025-12-02 19:30:00,39,36,50,1,0.5567426951715186,0.56783146,0.65
1379107,2025-12-02 20:15:00,39,34,47,1,0.5181943849788815,0.5701079,0.65
1379102,2025-12-03 19:30:00,39,44,52,0,0.49985627147269307,0.48534033,0.65
1379108,2025-12-03 19:30:00,39,39,65,0,0.44499997929055674,0.4692388,0.65
1379101,2025-12-03 19:30:00,39,51,66,1,0.4832892379736675,0.5237598,0.65
1379099,2025-12-03 19:30:00,39,42,55,0,0.5461146067815967,0.5552686,0.65
1379105,2025-12-03 20:15:00,39,40,746,0,0.5834761309007619,0.60501254,0.65
1379104,2025-12-03 20:15:00,39,63,49,1,0.5247588962112588,0.5203549,0.65
1379106,2025-12-04 20:00:00,39,33,48,0,0.5914611851510052,0.6314484,0.65
1379109,2025-12-06 12:30:00,39,66,42,1,0.4946987648723702,0.4767381,0.65
1379117,2025-12-06 15:00:00,39,47,55,0,0.5250964511457699,0.52898175,0.65
1379116,2025-12-06 15:00:00,39,34,44,1,0.5787142034390629,0.6047228,0.65
1379115,2025-12-06 15:00:00,39,50,746,1,0.6328067985517609,0.63631916,0.65
1379112,2025-12-06 15:00:00,39,45,65,1,0.47393657129565364,0.44820407,0.65
1379110,2025-12-06 15:00:00,39,35,49,0,0.5416933795775969,0.55179596,0.65
1379114,2025-12-06 17:30:00,39,63,40,1,0.5559874597331222,0.578085,0.65
1379111,2025-12-07 14:00:00,39,51,48,0,0.5611567985694876,0.58481914,0.65
1379113,2025-12-07 16:30:00,39,36,52,1,0.448758114827167,0.4692067,0.65
1379118,2025-12-08 20:00:00,39,39,33,1,0.5383568111195752,0.5572836,0.65
1390952,2025-11-28 20:00:00,140,546,797,0,0.3532552706769064,0.33570412,0.65
1390955,2025-11-29 13:00:00,140,798,727,1,0.3861522705271477,0.38130563,0.65
1390950,2025-11-29 15:15:00,140,529,542,1,0.6290500651574096,0.6744403,0.65
1390954,2025-11-29 17:30:00,140,539,531,0,0.47429931097827077,0.4546397,0.65
1390949,2025-11-29 20:00:00,140,530,718,0,0.5390146228549024,0.54106027,0.65
1390957,2025-11-30 13:00:00,140,548,533,1,0.5063807357755075,0.50340134,0.65
1390958,2025-11-30 15:15:00,140,536,543,0,0.4916043861829269,0.47991654,0.65
1390951,2025-11-30 17:30:00,140,538,540,0,0.49846291836580814,0.48043817,0.65
1390953,2025-11-30 20:00:00,140,547,541,0,0.6565209853868809,0.67366946,0.65
1390956,2025-12-01 20:00:00,140,728,532,0,0.4436086546805984,0.46611053,0.65
1391000,2025-12-02 20:00:00,140,529,530,1,0.6175839795817541,0.6602871,0.65
1390999,2025-12-03 18:00:00,140,531,541,1,0.5152281509500062,0.5318704,0.65
1390966,2025-12-05 20:00:00,140,718,798,0,0.44247278760036546,0.40454546,0.65
1390968,2025-12-06 13:00:00,140,533,546,0,0.4732733379958341,0.4516632,0.65
1390959,2025-12-06 15:15:00,140,542,548,0,0.43140811959372066,0.38031653,0.65
1390961,2025-12-06 17:30:00,140,543,529,1,0.6211716056992318,0.6701031,0.65
1390960,2025-12-06 20:00:00,140,531,530,0,0.4614557611056005,0.4352759,0.65
1390962,2025-12-07 13:00:00,140,797,547,1,0.5051052009370194,0.49556136,0.65
1390967,2025-12-07 15:15:00,140,532,536,0,0.47224868772790674,0.4500259,0.65
1390963,2025-12-07 17:30:00,140,540,728,0,0.40367188746863425,0.4067711,0.65
1390965,2025-12-07 20:00:00,140,541,538,0,0.6860310722104019,0.6949842,0.65
1390964,2025-12-08 20:00:00,140,727,539,0,0.495966853499202,0.47882906,0.65
1388409,2025-11-28 19:30:00,78,163,173,0,0.6087228140450738,0.65169084,0.65
1388413,2025-11-29 14:30:00,78,167,170,1,0.569855861166164,0.5982863,0.65
1388415,2025-11-29 14:30:00,78,162,192,0,0.5769093784205868,0.6064096,0.65
1388408,2025-11-29 14:30:00,78,157,186,1,0.6681593807064862,0.7346346,0.65
1388414,2025-11-29 14:30:00,78,182,180,1,0.4924023227252696,0.5023548,0.65
1388407,2025-11-29 17:30:00,78,168,165,1,0.5801566280865127,0.59939605,0.65
1388412,2025-11-30 14:30:00,78,175,172,1,0.6243239632530027,0.61658293,0.65
1388410,2025-11-30 16:30:00,78,169,161,0,0.6074713610428024,0.6536984,0.65
1388411,2025-11-30 18:30:00,78,160,164,1,0.5008682986533657,0.48958334,0.65
1388421,2025-12-05 19:30:00,78,164,163,0,0.5507344566273622,0.5653292,0.65
1388420,2025-12-06 14:30:00,78,180,160,1,0.5134058755278326,0.508342,0.65
1388418,2025-12-06 14:30:00,78,192,186,0,0.529181284413738,0.52535284,0.65
1388423,2025-12-06 14:30:00,78,172,157,1,0.6560729149967777,0.72,0.65
1388416,2025-12-06 14:30:00,78,170,168,0,0.5742760736597956,0.5975794,0.65
1388424,2025-12-06 14:30:00,78,161,182,1,0.5093003510964047,0.50391644,0.65
1388422,2025-12-06 17:30:00,78,173,169,1,0.6215226542860234,0.67041725,0.65
1388419,2025-12-07 14:30:00,78,175,162,1,0.566343210678805,0.5911854,0.65
1388417,2025-12-07 16:30:00,78,165,167,0,0.6022393387089207,0.640938,0.65
1377986,2025-11-28 19:45:00,135,895,488,0,0.5001901180929217,0.48723292,0.65
1377987,2025-11-29 14:00:00,135,495,504,1,0.4121794666271311,0.3492985,0.65
1377991,2025-11-29 14:00:00,135,523,494,0,0.4589478156632002,0.42901075,0.65
1377988,2025-11-29 17:00:00,135,496,490,1,0.5027455010909103,0.48983845,0.65
1377990,2025-11-29 19:45:00,135,489,487,0,0.4980622949000142,0.49166667,0.65
1377989,2025-11-30 11:30:00,135,867,503,1,0.4253059162008536,0.3755523,0.65
1377992,2025-11-30 14:00:00,135,801,505,0,0.5387718209384063,0.5468669,0.65
1377984,2025-11-30 17:00:00,135,499,502,0,0.5194956253686884,0.5196027,0.65
1377993,2025-11-30 19:45:00,135,497,492,0,0.39083202713315135,0.39568707,0.65
1377985,2025-12-01 19:45:00,135,500,520,1,0.4965154157774682,0.47807932,0.65
1378000,2025-12-06 14:00:00,135,488,502,1,0.48114035887571294,0.45766234,0.65
1377996,2025-12-06 17:00:00,135,505,895,1,0.5631805881340877,0.52895147,0.65
1378003,2025-12-06 19:45:00,135,504,499,1,0.4943060278659114,0.48043817,0.65
1377995,2025-12-07 11:30:00,135,520,867,0,0.43458541384891824,0.3905237,0.65
1377994,2025-12-07 14:00:00,135,490,497,0,0.5022056582157888,0.4341564,0.65
1377997,2025-12-07 17:00:00,135,487,500,0,0.44340561799536526,0.40819424,0.65
1377998,2025-12-07 19:45:00,135,492,496,1,0.4388340878319187,0.40312815,0.65
1377999,2025-12-08 14:00:00,135,801,523,0,0.46080155648157095,0.37598425,0.65
1378002,2025-12-08 17:00:00,135,494,495,1,0.4297156792276248,0.3854943,0.65
1378001,2025-12-08 19:45:00,135,503,489,1,0.48659863830151595,0.47083333,0.65
