feature,gain,weight,cover
home_goals_for_mean_5,9.383222579956055,4.0,557.6720581054688
abs_elo_diff,9.041876792907715,61.0,599.4884033203125
elo_diff,8.007749557495117,19.0,456.5033874511719
p_away_elo,7.661222457885742,9.0,688.7975463867188
elo_home_pre,7.473774433135986,75.0,571.8282470703125
home_points_sum_3,7.175010681152344,1.0,167.89463806152344
sum_expected_goals_ema_5,7.1644697189331055,4.0,178.08668518066406
home_xg_per_shot_mean_5,7.150198936462402,7.0,399.43109130859375
home_expected_goals_mean_5,6.857107639312744,20.0,645.4740600585938
delta_expected_goals_ema_5,6.647617816925049,6.0,454.4394836425781
home_expected_goals_ema_5,6.643139839172363,19.0,549.5509643554688
h2h_goals_avg_lastN,6.541954040527344,56.0,554.9367065429688
rel_xg_per_shot_mean_5_diff,6.5411057472229,6.0,247.9095001220703
delta_expected_goals_mean_5,6.506219387054443,9.0,490.9441223144531
home_expected_goals_sum_3,6.425023078918457,15.0,477.7293701171875
delta_inj_missing_fixture_cnt,6.423595428466797,19.0,532.666015625
away_days_since,6.400269985198975,44.0,713.6621704101562
away_goals_for_away_sum_3,6.382369041442871,16.0,590.7146606445312
home_matches_7d,6.367923736572266,3.0,846.4561157226562
home_goals_against_away_mean_5,6.345855712890625,15.0,375.6972961425781
away_goals_against_home_mean_5,6.2774858474731445,10.0,341.4330749511719
sum_expected_goals_mean_5,6.249088764190674,11.0,470.3837585449219
away_expected_goals_home_std_5,6.2247233390808105,46.0,457.7642517089844
home_inj_total_cnt,6.193930149078369,5.0,237.95883178710938
h2h_drawrate_centered,6.176487445831299,18.0,316.2147521972656
p_home_elo,6.160314083099365,3.0,67.4469985961914
away_goals_against_home_sum_3,6.12119722366333,6.0,237.6727294921875
home_inj_missing_fixture_cnt,6.041798114776611,1.0,242.9258270263672
home_goals_against_sum_3,5.976241111755371,4.0,715.93798828125
delta_goals_for_mean_5,5.97211217880249,5.0,249.2627410888672
abs_delta_expected_goals_mean_5,5.958255290985107,7.0,368.1626281738281
away_expected_goals_ema_5,5.941174030303955,6.0,342.368408203125
home_days_since,5.935279369354248,36.0,463.1597900390625
sum_tempo_mean_5,5.893547058105469,17.0,593.5614013671875
home_xg_per_shot_home_mean_5,5.887628078460693,29.0,605.4601440429688
home_tempo_away_ema_5,5.8469719886779785,43.0,333.9886474609375
away_goals_for_sum_3,5.831414222717285,1.0,127.51774597167969
rel_points_mean_5_diff,5.816633224487305,1.0,208.84278869628906
h2h_gdiff_avg_lastN,5.807641506195068,27.0,353.3504638671875
away_tempo_std_5,5.765324592590332,67.0,350.1623840332031
away_sot_rate_std_5,5.730616569519043,36.0,270.7101135253906
home_goals_for_home_sum_3,5.726391315460205,21.0,589.8817138671875
rel_tempo_mean_5_ratio,5.726230144500732,44.0,504.0428771972656
home_points_away_sum_3,5.7089033126831055,1.0,158.23756408691406
elo_away_pre,5.703806400299072,29.0,521.3692016601562
home_goals_against_away_ema_5,5.6900224685668945,42.0,395.91900634765625
away_expected_goals_std_5,5.674083232879639,30.0,406.4781188964844
home_goals_against_away_sum_3,5.668026924133301,2.0,289.3748779296875
delta_tempo_mean_5,5.664285182952881,16.0,358.8528137207031
sum_xg_per_shot_mean_5,5.656223297119141,11.0,408.1548156738281
away_points_home_sum_3,5.655571937561035,5.0,268.4029846191406
home_points_std_5,5.640508651733398,13.0,257.3480224609375
away_goals_against_away_mean_5,5.6285858154296875,7.0,434.4119567871094
home_xg_per_shot_home_std_5,5.603791236877441,20.0,198.13064575195312
away_goals_for_away_std_5,5.590290069580078,10.0,420.37713623046875
away_goals_for_away_ema_5,5.5816240310668945,37.0,390.9705810546875
away_goals_against_ema_5,5.577442169189453,31.0,399.7996826171875
away_xg_per_shot_slope_5,5.57267951965332,25.0,442.68670654296875
away_goals_for_home_mean_5,5.565399646759033,4.0,436.96044921875
home_goals_against_ema_5,5.552585124969482,62.0,583.3853759765625
home_expected_goals_std_5,5.544197082519531,16.0,285.681640625
home_goals_for_slope_5,5.525236129760742,24.0,388.8211975097656
delta_xg_per_shot_mean_5,5.500391960144043,5.0,518.6463012695312
away_goals_for_home_sum_3,5.496241092681885,6.0,380.5843505859375
home_xg_per_shot_ema_5,5.480618953704834,11.0,475.3331298828125
home_sot_rate_away_mean_5,5.46589469909668,60.0,554.4150390625
away_inj_total_cnt,5.445929050445557,11.0,503.4432678222656
away_goals_against_home_ema_5,5.439314365386963,47.0,434.5158386230469
abs_delta_tempo_mean_5,5.402691841125488,17.0,478.9233093261719
home_tempo_mean_5,5.393713474273682,21.0,430.9508056640625
delta_points_mean_5,5.379993915557861,7.0,387.9651184082031
sum_points_sum_3,5.360974311828613,20.0,597.1587524414062
away_expected_goals_away_ema_5,5.359701156616211,8.0,403.4598388671875
home_expected_goals_away_sum_3,5.3578782081604,22.0,666.44677734375
home_expected_goals_home_mean_5,5.342641353607178,27.0,664.8764038085938
league_draw_prior,5.331990718841553,14.0,259.60565185546875
home_sot_rate_ema_5,5.331977844238281,56.0,448.77099609375
home_xg_per_shot_away_ema_5,5.328854560852051,10.0,405.8699645996094
away_sot_rate_sum_3,5.325037479400635,27.0,353.3294372558594
away_xg_per_shot_home_std_5,5.311978816986084,40.0,577.185546875
home_expected_goals_home_ema_5,5.308962821960449,17.0,533.8156127929688
away_points_away_std_5,5.2814226150512695,10.0,181.90609741210938
away_goals_for_home_std_5,5.280608654022217,19.0,374.5314636230469
home_tempo_home_ema_5,5.2798380851745605,35.0,387.1187438964844
home_goals_for_ema_5,5.272728443145752,47.0,470.19183349609375
away_xg_per_shot_away_mean_5,5.2668232917785645,21.0,440.9891052246094
away_goals_against_away_ema_5,5.242422103881836,89.0,515.3299560546875
home_sot_rate_home_std_5,5.238509178161621,52.0,347.23162841796875
delta_sot_rate_mean_5,5.236438751220703,32.0,427.9848937988281
delta_expected_goals_slope_5,5.234229564666748,11.0,259.5955810546875
home_tempo_ema_5,5.233950614929199,46.0,479.9980773925781
home_goals_against_home_mean_5,5.230047702789307,23.0,468.0098571777344
away_xg_per_shot_sum_3,5.2254252433776855,30.0,568.3427734375
away_expected_goals_home_ema_5,5.221083641052246,19.0,405.5152587890625
away_xg_per_shot_away_std_5,5.217442989349365,14.0,145.65602111816406
sum_goals_for_std_5,5.210048675537109,17.0,306.0666198730469
away_xg_per_shot_home_sum_3,5.20994234085083,26.0,535.183837890625
away_tempo_mean_5,5.208094596862793,18.0,423.8905029296875
away_points_ema_5,5.207773685455322,55.0,458.9576416015625
away_goals_for_mean_5,5.2066216468811035,23.0,643.705810546875
home_goals_against_home_std_5,5.206000804901123,7.0,224.9356689453125
home_tempo_away_mean_5,5.20225715637207,27.0,342.9640808105469
home_sot_rate_std_5,5.202113628387451,64.0,374.0589904785156
sum_points_mean_5,5.187633991241455,38.0,640.4644775390625
home_goals_for_away_ema_5,5.187343597412109,35.0,358.36260986328125
rel_expected_goals_mean_5_diff,5.1847333908081055,1.0,796.7608642578125
home_sot_rate_home_sum_3,5.183874130249023,42.0,449.3383483886719
away_expected_goals_sum_3,5.182690143585205,12.0,167.03970336914062
away_sot_rate_home_std_5,5.17983865737915,47.0,436.82550048828125
home_goals_against_std_5,5.1744608879089355,33.0,611.5927734375
away_xg_per_shot_home_ema_5,5.157718181610107,28.0,615.9014892578125
away_tempo_away_ema_5,5.156334400177002,46.0,446.7079162597656
away_sot_rate_ema_5,5.1562042236328125,29.0,525.7501831054688
home_xg_per_shot_away_std_5,5.153536319732666,41.0,468.0310974121094
away_tempo_slope_5,5.152796745300293,43.0,602.1869506835938
rel_goals_for_sum_3_ratio,5.150477886199951,35.0,451.4278869628906
home_sot_rate_away_ema_5,5.149205207824707,43.0,320.1129150390625
away_expected_goals_slope_5,5.145158767700195,41.0,514.0013427734375
away_inj_missing_fixture_cnt,5.134337902069092,12.0,406.8907165527344
sum_sot_rate_mean_5,5.128396987915039,49.0,585.4286499023438
rel_goals_for_mean_5_ratio,5.1274189949035645,23.0,337.02020263671875
away_sot_rate_away_mean_5,5.125735759735107,20.0,232.93392944335938
home_tempo_sum_3,5.113240718841553,40.0,462.2958984375
home_goals_against_mean_5,5.112387657165527,19.0,547.79345703125
sum_tempo_ema_5,5.105649948120117,4.0,619.1749267578125
home_tempo_home_std_5,5.103981971740723,52.0,324.6192932128906
away_points_away_sum_3,5.086732387542725,16.0,608.5352172851562
home_points_home_ema_5,5.08225154876709,41.0,385.41259765625
home_expected_goals_slope_5,5.079074859619141,11.0,342.6045837402344
home_expected_goals_home_std_5,5.072214603424072,24.0,539.5662231445312
home_goals_against_home_sum_3,5.065402507781982,14.0,599.1417236328125
away_expected_goals_mean_5,5.043429374694824,13.0,382.3022766113281
league_over25_prior,5.035752773284912,72.0,469.7371826171875
home_xg_per_shot_slope_5,5.035402774810791,13.0,245.4775390625
sum_tempo_slope_5,5.029195308685303,27.0,492.45916748046875
delta_goals_against_std_5,5.027453422546387,45.0,427.60760498046875
home_sot_rate_home_mean_5,5.021087646484375,39.0,329.6391296386719
away_sot_rate_home_sum_3,5.00923490524292,36.0,381.3170471191406
home_goals_for_home_ema_5,5.006525039672852,30.0,484.33587646484375
home_xg_per_shot_away_sum_3,5.004899024963379,18.0,494.8938903808594
home_goals_for_away_sum_3,5.004495620727539,2.0,53.62841033935547
home_goals_against_slope_5,4.9794769287109375,26.0,345.8818359375
sum_goals_for_mean_5,4.976443290710449,11.0,272.2659912109375
delta_points_ema_5,4.962320327758789,29.0,374.2026062011719
h2h_gdiff_centered,4.958012104034424,8.0,240.54159545898438
home_tempo_std_5,4.956987380981445,36.0,234.07920837402344
h2h_winrate_centered,4.953674793243408,11.0,168.11309814453125
delta_goals_against_mean_5,4.950517177581787,19.0,502.8685607910156
away_goals_against_mean_5,4.937934398651123,8.0,516.5171508789062
away_sot_rate_slope_5,4.931164264678955,22.0,247.8962860107422
home_points_slope_5,4.923262596130371,33.0,361.5716552734375
away_xg_per_shot_home_mean_5,4.919317722320557,32.0,559.5831298828125
home_expected_goals_away_ema_5,4.915459156036377,5.0,217.0417022705078
away_tempo_home_mean_5,4.914295673370361,10.0,318.9214172363281
abs_delta_sot_rate_mean_5,4.908866882324219,25.0,418.34765625
away_tempo_away_mean_5,4.905420303344727,20.0,425.8417053222656
home_tempo_away_std_5,4.903323650360107,39.0,481.7296142578125
away_sot_rate_away_sum_3,4.899666786193848,26.0,521.7396850585938
away_tempo_sum_3,4.894442558288574,25.0,540.381591796875
home_tempo_away_sum_3,4.884103298187256,19.0,167.3451385498047
sum_goals_for_sum_3,4.882200717926025,11.0,424.11151123046875
away_goals_for_slope_5,4.8681206703186035,15.0,232.3092803955078
away_goals_for_ema_5,4.864958763122559,29.0,393.84442138671875
delta_tempo_slope_5,4.858423709869385,27.0,268.8876647949219
rel_goals_for_sum_3_diff,4.857841491699219,7.0,279.90228271484375
away_points_away_ema_5,4.855125904083252,33.0,492.1280212402344
home_goals_for_std_5,4.855072498321533,20.0,579.52294921875
home_xg_per_shot_away_mean_5,4.853911399841309,10.0,538.2938842773438
away_sot_rate_away_ema_5,4.853609561920166,20.0,290.6974792480469
home_goals_against_home_ema_5,4.85269021987915,32.0,322.46435546875
sum_points_ema_5,4.847898006439209,16.0,305.7197570800781
home_sot_rate_away_std_5,4.83563232421875,48.0,340.1505432128906
home_sot_rate_away_sum_3,4.8294219970703125,24.0,292.8791198730469
home_xg_per_shot_sum_3,4.828563690185547,23.0,402.7755126953125
away_tempo_home_ema_5,4.827223300933838,25.0,347.11688232421875
home_tempo_home_sum_3,4.825770378112793,20.0,225.5944366455078
home_points_home_mean_5,4.815861701965332,3.0,49.292781829833984
delta_inj_questionable_cnt,4.811509132385254,5.0,355.16961669921875
away_tempo_ema_5,4.806146621704102,25.0,369.0316467285156
home_expected_goals_away_std_5,4.79937219619751,16.0,347.3054504394531
away_expected_goals_away_mean_5,4.786401271820068,8.0,359.6963195800781
away_points_home_mean_5,4.782897472381592,4.0,496.220458984375
h2h_games_cnt,4.781275272369385,6.0,209.77606201171875
away_goals_for_away_mean_5,4.7773756980896,12.0,468.2196960449219
rel_sot_rate_mean_5_diff,4.771687030792236,4.0,623.303955078125
away_tempo_away_std_5,4.76930046081543,16.0,217.72732543945312
away_sot_rate_mean_5,4.761213302612305,24.0,415.4303283691406
delta_inj_total_cnt,4.757451057434082,12.0,677.7080688476562
rel_points_mean_5_ratio,4.756133079528809,16.0,358.3480529785156
away_sot_rate_home_ema_5,4.755589008331299,59.0,396.7083435058594
home_xg_per_shot_std_5,4.737931251525879,42.0,432.1291809082031
home_sot_rate_mean_5,4.732853412628174,18.0,196.39479064941406
away_tempo_home_std_5,4.7293596267700195,16.0,241.5500946044922
home_xg_per_shot_home_sum_3,4.722710609436035,20.0,426.162109375
home_sot_rate_home_ema_5,4.7213287353515625,48.0,376.750732421875
away_points_slope_5,4.717301368713379,31.0,457.1778564453125
away_goals_against_slope_5,4.710659503936768,10.0,262.7622375488281
home_sot_rate_sum_3,4.706715106964111,52.0,564.25
rel_xg_per_shot_mean_5_ratio,4.697309494018555,9.0,577.3463745117188
away_goals_for_home_ema_5,4.6842427253723145,24.0,324.4910583496094
away_points_std_5,4.684037208557129,10.0,222.9113311767578
away_goals_against_home_std_5,4.681816577911377,25.0,290.7948303222656
home_goals_for_away_std_5,4.6728715896606445,19.0,375.0051574707031
away_xg_per_shot_mean_5,4.671914577484131,6.0,243.302001953125
home_expected_goals_home_sum_3,4.648777484893799,26.0,613.07373046875
home_goals_against_away_std_5,4.647753715515137,17.0,293.87445068359375
away_matches_14d,4.642426490783691,2.0,157.68760681152344
away_expected_goals_away_std_5,4.6305084228515625,10.0,398.50592041015625
home_points_away_ema_5,4.627557277679443,24.0,365.533447265625
away_points_home_ema_5,4.605632305145264,24.0,316.2950134277344
away_points_mean_5,4.598945140838623,6.0,113.93889617919922
home_expected_goals_away_mean_5,4.591588973999023,13.0,363.64031982421875
away_goals_against_std_5,4.586833953857422,34.0,510.1611328125
away_expected_goals_home_sum_3,4.577799320220947,16.0,452.5928039550781
away_sot_rate_home_mean_5,4.5766072273254395,51.0,489.1947326660156
home_points_away_std_5,4.575017929077148,11.0,326.6305847167969
away_tempo_home_sum_3,4.572800159454346,12.0,252.23951721191406
away_xg_per_shot_ema_5,4.570242881774902,18.0,601.2488403320312
away_sot_rate_away_std_5,4.566095352172852,51.0,374.54638671875
away_goals_against_sum_3,4.533884048461914,5.0,195.54098510742188
away_goals_against_away_std_5,4.515094757080078,10.0,345.20013427734375
home_xg_per_shot_home_ema_5,4.504000663757324,11.0,283.0503234863281
home_tempo_home_mean_5,4.501642227172852,17.0,385.6208801269531
home_goals_for_home_std_5,4.500057220458984,10.0,107.63661193847656
home_goals_for_away_mean_5,4.4754815101623535,8.0,194.98123168945312
away_expected_goals_home_mean_5,4.471002101898193,7.0,236.83041381835938
away_expected_goals_away_sum_3,4.459597587585449,33.0,543.51171875
away_xg_per_shot_away_sum_3,4.455959796905518,16.0,429.7193298339844
rel_tempo_mean_5_diff,4.45119571685791,4.0,493.3454895019531
away_points_home_std_5,4.436855792999268,9.0,82.92787170410156
away_xg_per_shot_away_ema_5,4.430334091186523,11.0,461.80584716796875
away_points_away_mean_5,4.410707950592041,3.0,50.395172119140625
rel_expected_goals_mean_5_ratio,4.4024763107299805,4.0,62.069602966308594
home_points_home_sum_3,4.392237186431885,8.0,396.1688537597656
delta_expected_goals_std_5,4.378144264221191,21.0,462.8674621582031
away_tempo_away_sum_3,4.345109939575195,27.0,545.793212890625
home_goals_for_sum_3,4.342275619506836,9.0,361.7381896972656
rel_sot_rate_mean_5_ratio,4.315915584564209,20.0,452.1568298339844
away_points_sum_3,4.28802490234375,2.0,101.6548080444336
home_tempo_slope_5,4.20436954498291,22.0,432.78485107421875
home_points_ema_5,4.173067092895508,18.0,404.17413330078125
home_sot_rate_slope_5,4.125014305114746,25.0,234.9518585205078
away_goals_against_away_sum_3,4.093679428100586,15.0,512.8770141601562
home_points_home_std_5,4.091597557067871,5.0,68.19966888427734
h2h_drawrate_lastN,4.062952995300293,2.0,463.0945739746094
away_xg_per_shot_std_5,4.047656059265137,10.0,282.6138610839844
home_points_mean_5,4.046300888061523,4.0,258.5859069824219
delta_goals_for_std_5,3.990664482116699,32.0,341.9825439453125
home_goals_for_home_mean_5,3.951785087585449,8.0,500.0445861816406
rel_expected_goals_ema_5_ratio,3.9181735515594482,6.0,80.4513168334961
home_inj_questionable_cnt,3.725191593170166,2.0,872.4956665039062
away_goals_for_std_5,3.719951629638672,9.0,475.51812744140625
delta_days_since,3.6200175285339355,4.0,266.26409912109375
h2h_winrate_home_lastN,3.396665334701538,2.0,83.03910827636719
home_points_away_mean_5,3.3695151805877686,4.0,87.10018920898438
home_matches_14d,2.40783429145813,3.0,25.9360408782959
delta_matches_14d,0.0,0.0,0.0
away_inj_questionable_cnt,0.0,0.0,0.0
rel_expected_goals_ema_5_diff,0.0,0.0,0.0
rel_goals_for_mean_5_diff,0.0,0.0,0.0
delta_matches_7d,0.0,0.0,0.0
away_matches_7d,0.0,0.0,0.0
