season,league,best_bet_type,best_bet_outcome,bet_rating,best_bet_odds,best_bet_ev,home_goals,away_goals
2025,Bundesliga,TOTAL,Over2.5,Strong,1.564,0.1510489832849815,2,3
2025,La Liga,TOTAL,Over2.5,Strong,2.0740000000000003,0.2624347826086959,1,0
2025,Premier League,TOTAL,Over2.5,Strong,1.938,0.34557235164870126,0,0
2025,Ligue 1,TOTAL,Over2.5,Strong,1.948,0.17861014397868136,1,0
2025,Ligue 1,TOTAL,Over2.5,Medium,1.83,0.07963303729991589,0,0
2025,Ligue 1,TOTAL,Over2.5,Medium,1.826,0.08217782560875686,2,0
2025,Ligue 1,TOTAL,Over2.5,Strong,1.89,0.1332920703885423,3,3
2025,Bundesliga,TOTAL,Over2.5,Strong,1.765,0.1795672630292917,3,1
2025,Ligue 1,TOTAL,Over2.5,Medium,1.812,0.0690158240969263,0,2
2025,Serie A,TOTAL,Over2.5,Strong,2.558,0.19532710280373822,0,0
2025,Ligue 1,TOTAL,Over2.5,Medium,1.594,0.07903316468362687,6,2
2025,Ligue 1,TOTAL,Over2.5,Strong,1.816,0.10767625212921272,1,0
2025,Premier League,TOTAL,Over2.5,Strong,1.814,0.17762481717147982,2,3
2025,Ligue 1,TOTAL,Over2.5,Weak,1.684,0.0364879896031276,3,3
2025,Ligue 1,TOTAL,Over2.5,Strong,1.904,0.2512154573916847,2,2
2025,Ligue 1,TOTAL,Over2.5,Weak,1.81,0.03888079133129807,1,2
2025,Bundesliga,1X2,Away,Strong,2.89,0.1682762879966675,0,0
2025,Ligue 1,TOTAL,Over2.5,Weak,1.7920000000000003,0.029139365546405838,0,0
2025,Ligue 1,TOTAL,Over2.5,Strong,1.9939999999999998,0.16678344089610175,0,3
2025,Bundesliga,1X2,Away,Medium,2.59,0.05123143656732787,3,3
2025,Serie A,TOTAL,Over2.5,Strong,2.3560000000000003,0.10093457943925244,0,0
2025,Premier League,TOTAL,Over2.5,Strong,1.722,0.3028946911904904,2,0
2025,Bundesliga,TOTAL,Over2.5,Strong,1.624,0.12809596517843969,3,1
2025,Bundesliga,TOTAL,Over2.5,Strong,1.6039999999999999,0.1109359709187312,3,4
2025,La Liga,TOTAL,Over2.5,Strong,2.028,0.40718367346938766,1,2
2025,Premier League,1X2,Away,Strong,2.44,0.12147566102363849,2,1
2025,Serie A,TOTAL,Over2.5,Strong,2.5949999999999998,0.2048214285714285,2,1
2025,Bundesliga,TOTAL,Over2.5,Strong,1.5540000000000003,0.10745924774960858,3,1
2025,La Liga,TOTAL,Over2.5,Strong,1.7060000000000002,0.18375510204081635,3,2
2025,Premier League,TOTAL,Over2.5,Strong,1.8379999999999999,0.4204261052323828,2,1
2025,Ligue 1,TOTAL,Over2.5,Strong,1.922,0.14523739065261032,0,1
2025,Bundesliga,TOTAL,Over2.5,Strong,1.8,0.10184876158058676,1,0
2025,La Liga,TOTAL,Over2.5,Strong,1.956,0.35722448979591825,0,3
2025,Bundesliga,1X2,Away,Strong,2.164,0.16748167712294082,1,3
2025,La Liga,1X2,Home,Strong,2.4939999999999998,0.4310894621691779,3,2
2025,Serie A,TOTAL,Over2.5,Strong,2.3600000000000003,0.10280373831775713,3,0
2025,Ligue 1,TOTAL,Over2.5,Strong,1.887142857142857,0.1311206344642568,1,7
2025,Ligue 1,TOTAL,Over2.5,Weak,1.734,0.02864701543069348,1,2
2025,Ligue 1,TOTAL,Over2.5,Weak,2.198,0.022819497586588966,1,3
2025,La Liga,TOTAL,Over2.5,Strong,1.754,0.2170612244897958,0,1
2025,Ligue 1,TOTAL,Over2.5,Strong,1.998,0.16550454267015913,2,1
2025,Ligue 1,TOTAL,Over2.5,Strong,1.866,0.11697479008382028,1,2
2025,Bundesliga,TOTAL,Over2.5,Strong,1.886,0.22947670284918797,0,4
2025,Premier League,TOTAL,Over2.5,Strong,1.934,0.5412842852406996,3,2
2025,Premier League,TOTAL,Over2.5,Strong,2.0599999999999996,0.6391459298022071,3,1
2025,Ligue 1,TOTAL,Over2.5,Medium,1.7220000000000002,0.04390648787801665,2,5
2025,Ligue 1,TOTAL,Over2.5,Strong,1.826,0.11309688708467402,3,3
2025,Serie A,TOTAL,Over2.5,Strong,2.4099999999999997,0.12616822429906538,0,1
2025,Ligue 1,TOTAL,Over2.5,Strong,1.9460000000000002,0.16255224531071244,3,2
2025,Serie A,TOTAL,Over2.5,Strong,1.8739999999999999,0.8739981259999998,1,2
2025,Ligue 1,TOTAL,Over2.5,Medium,1.718,0.0546588856068031,0,0
2025,La Liga,TOTAL,Over2.5,Strong,1.7920000000000003,0.24342857142857155,0,3
2025,Ligue 1,TOTAL,Over2.5,Weak,1.6799999999999997,0.022194671172843128,2,1
2025,Serie A,TOTAL,Over2.5,Strong,2.574,0.19507142857142856,0,2
2025,Bundesliga,TOTAL,Over2.5,Strong,1.9459999999999997,0.5759084553448388,1,4
2025,Premier League,TOTAL,Over2.5,Strong,1.888,0.47435294878089485,2,1
2025,Ligue 1,TOTAL,Over2.5,Strong,1.9120000000000001,0.15982210612293923,2,2
2025,Ligue 1,TOTAL,Over2.5,Medium,1.698,0.04401653512998194,0,1
2025,Ligue 1,TOTAL,Over2.5,Strong,1.8980000000000001,0.11559363799747246,1,0
2025,Bundesliga,TOTAL,Over2.5,Strong,1.8240000000000003,0.19096906286877946,2,1
2025,Ligue 1,TOTAL,Over2.5,Strong,1.8239999999999998,0.11271796098526643,2,3
2025,Bundesliga,TOTAL,Over2.5,Strong,1.846,0.15981112278185172,1,1
2025,Bundesliga,TOTAL,Over2.5,Strong,1.704,0.10936576802058551,3,2
2025,Ligue 1,TOTAL,Over2.5,Medium,1.8199999999999998,0.0812515794742763,2,1
2025,Bundesliga,TOTAL,Over2.5,Strong,1.7579999999999998,0.14054725993141126,0,1
2025,Premier League,TOTAL,Over2.5,Strong,1.998,0.2901474058949616,1,4
2025,Ligue 1,TOTAL,Over2.5,Strong,1.8299999999999996,0.10110565413533412,1,2
2025,Ligue 1,TOTAL,Over2.5,Strong,1.9140000000000001,0.15982383075465845,0,3
2025,Ligue 1,TOTAL,Over2.5,Medium,1.8,0.06437538299899237,1,1
2025,La Liga,TOTAL,Over2.5,Strong,1.9240000000000002,0.3350204081632655,2,1
2025,Bundesliga,TOTAL,Over2.5,Strong,1.8075,0.12151835872409134,2,0
2025,Premier League,TOTAL,Over2.5,Strong,1.8200000000000003,0.4252430094721742,2,0
2025,Premier League,TOTAL,Over2.5,Strong,1.718,0.3947901792475965,2,2
2025,Bundesliga,TOTAL,Over2.5,Strong,1.6199999999999999,0.11930562539060197,3,2
2025,Bundesliga,TOTAL,Over2.5,Strong,1.716,0.12213044035825393,1,0
2025,La Liga,TOTAL,Over2.5,Strong,1.828,0.26840816326530614,0,2
2025,Serie A,TOTAL,Over2.5,Strong,2.5140000000000002,0.174766355140187,1,2
2025,Bundesliga,TOTAL,Over2.5,Strong,1.7600000000000002,0.14177691077542365,0,2
2025,Serie A,TOTAL,Over2.5,Strong,2.072,1.071997928,6,0
2025,Serie A,TOTAL,Over2.5,Strong,2.4720000000000004,0.15514018691588793,3,0
2025,Premier League,TOTAL,Over2.5,Strong,1.752,0.13580829640054093,3,2
2025,Bundesliga,TOTAL,Over2.5,Strong,1.886,0.1484295795185755,1,1
2025,Ligue 1,TOTAL,Over2.5,Strong,1.9460000000000002,0.6055739204656478,1,2
2025,Serie A,TOTAL,Over2.5,Strong,2.586,0.20064285714285712,1,2
2025,Ligue 1,TOTAL,Over2.5,Medium,1.82,0.07598360549890493,0,1
2025,Ligue 1,TOTAL,Over2.5,Strong,1.655,0.35859138430537385,0,3
2025,Premier League,TOTAL,Over2.5,Strong,1.7079999999999997,0.16935511353538812,1,4
2025,Premier League,TOTAL,Over2.5,Strong,1.7380000000000002,0.516497867794832,4,1
2025,Ligue 1,TOTAL,Over2.5,Medium,1.7580000000000002,0.06180348297245608,5,2
2025,Ligue 1,1X2,Home,Medium,1.642,0.08067324166149081,3,1
2025,Premier League,TOTAL,Over2.5,Strong,1.904,0.239410400662313,1,2
2025,Ligue 1,TOTAL,Over2.5,Strong,1.877142857142857,0.13996286368119892,3,1
2025,Ligue 1,TOTAL,Over2.5,Medium,1.7720000000000002,0.04883971238217755,2,0
2025,La Liga,TOTAL,Over2.5,Strong,1.766,0.2253877551020409,2,0
2025,Serie A,TOTAL,Over2.5,Strong,2.4979999999999998,0.167289719626168,2,2
2025,Premier League,TOTAL,Over2.5,Strong,1.8960000000000001,0.4889028078114712,4,1
2025,Ligue 1,TOTAL,Over2.5,Weak,1.672,0.029039149523617303,3,0
2025,Ligue 1,TOTAL,Over2.5,Strong,1.828,0.11234016335945984,4,0
2025,Bundesliga,TOTAL,Over2.5,Strong,1.6199999999999999,0.1549308728065173,4,1
2025,Serie A,TOTAL,Over2.5,Strong,2.464,0.15140186915887854,2,0
2025,Ligue 1,TOTAL,Over2.5,Medium,1.834,0.08152182524591312,3,0
2025,Bundesliga,TOTAL,Over2.5,Strong,1.8099999999999998,0.17930925985717572,1,2
2025,Serie A,TOTAL,Over2.5,Strong,2.4175,0.12241071428571426,2,2
2025,Ligue 1,TOTAL,Over2.5,Strong,1.6974999999999998,0.14201754030353153,6,1
2025,Bundesliga,TOTAL,Over2.5,Strong,1.81,0.1994928301790082,2,1
2025,Ligue 1,TOTAL,Over2.5,Strong,2.0,0.30763301473054394,3,2
2025,Ligue 1,TOTAL,Over2.5,Weak,1.8150000000000002,0.027870601548756202,1,2
2025,Serie A,TOTAL,Over2.5,Strong,2.3560000000000003,0.10093457943925244,0,3
2025,Ligue 1,TOTAL,Over2.5,Weak,1.8125,0.03907092855338146,1,0
2025,Ligue 1,TOTAL,Over2.5,Strong,1.6675,0.12255378232473624,2,2
2025,Ligue 1,TOTAL,Over2.5,Strong,1.895,0.1492358733054071,3,5
2025,Bundesliga,TOTAL,Over2.5,Strong,1.906,0.23253805318479204,1,3
2025,La Liga,TOTAL,Over2.5,Strong,2.0620000000000003,0.2551304347826089,1,0
2025,La Liga,TOTAL,Over2.5,Strong,1.778,0.23371428571428576,0,1
2025,Ligue 1,TOTAL,Over2.5,Weak,1.7420000000000002,0.03310532708316183,0,1
2025,Bundesliga,1X2,Away,Medium,2.06,0.0800913402515524,2,1
2025,Ligue 1,TOTAL,Over2.5,Strong,1.936,0.10149218147655503,0,0
2025,Serie A,TOTAL,Over2.5,Strong,2.396,0.11962616822429895,1,1
2025,Premier League,TOTAL,Over2.5,Strong,1.8379999999999999,0.1846684315932059,4,0
2025,Ligue 1,TOTAL,Over2.5,Strong,1.934,0.13226165312052962,0,0
2025,Premier League,TOTAL,Over2.5,Strong,1.8920000000000001,0.2140038841376395,3,1
2025,Premier League,TOTAL,Over2.5,Strong,1.768,0.14176621753773144,0,0
2025,Ligue 1,TOTAL,Over2.5,Strong,1.932,0.13086738772579976,0,1
2025,Serie A,TOTAL,Over2.5,Strong,2.388,0.11588785046728955,2,1
2025,Ligue 1,TOTAL,Over2.5,Strong,1.94,0.10354531574557013,0,0
2025,Ligue 1,TOTAL,Over2.5,Strong,1.918,0.1485667832412736,3,4
2025,La Liga,TOTAL,Over2.5,Strong,1.9920000000000002,0.3822040816326533,0,1
2025,Ligue 1,TOTAL,Over2.5,Strong,1.8240000000000003,0.11169034680342826,1,1
2025,Ligue 1,TOTAL,Over2.5,Strong,1.996,0.13086501314549848,2,0
2025,Premier League,TOTAL,Over2.5,Strong,1.888,0.5014089008287739,1,1
2025,Ligue 1,TOTAL,Over2.5,Medium,2.208,0.04970331134111916,2,1
2025,Ligue 1,TOTAL,Over2.5,Strong,1.8920000000000001,0.13511566062122515,2,5
2025,Bundesliga,TOTAL,Over2.5,Strong,1.9,0.29576050274413457,3,1
2025,Premier League,TOTAL,Over2.5,Strong,1.796,0.3563076297513126,2,0
2025,Premier League,TOTAL,Over2.5,Strong,1.8399999999999999,0.40200139051324113,1,1
2025,Bundesliga,TOTAL,Over2.5,Strong,1.816,0.16042213780784076,1,1
2025,Ligue 1,TOTAL,Over2.5,Weak,1.69,0.03975588556215115,0,0
2025,Bundesliga,TOTAL,Over2.5,Strong,1.614,0.15095450462705906,3,2
2025,Ligue 1,TOTAL,Over2.5,Weak,1.802,0.02054420382789024,1,4
2025,La Liga,TOTAL,Over2.5,Strong,2.008,0.39330612244897956,3,2
2025,Ligue 1,TOTAL,Over2.5,Weak,1.674,0.03120912366502515,1,0
2025,Ligue 1,TOTAL,Over2.5,Medium,1.7740000000000002,0.08452087023127608,2,2
2025,Serie A,TOTAL,Over2.5,Strong,1.528,0.5279984719999999,1,0
2025,Ligue 1,TOTAL,Over2.5,Strong,1.9240000000000002,0.16617144670308126,0,1
2025,Bundesliga,TOTAL,Over2.5,Strong,1.7099999999999997,0.24663437474171102,1,3
2025,Bundesliga,TOTAL,Over2.5,Strong,1.7879999999999998,0.2625303460097128,3,3
2025,La Liga,TOTAL,Over2.5,Strong,2.026,0.40579591836734674,1,1
2025,Serie A,TOTAL,Over2.5,Strong,2.576,0.20373831775700935,4,0
2025,Ligue 1,TOTAL,Over2.5,Medium,1.842,0.0844190934398934,0,5
2025,Ligue 1,TOTAL,Over2.5,Strong,1.734,0.40998586615757815,2,0
2025,La Liga,TOTAL,Over2.5,Strong,2.075,0.2630434782608697,4,2
2025,La Liga,TOTAL,Over2.5,Strong,2.03,0.2356521739130435,1,0
2025,Premier League,TOTAL,Over2.5,Strong,1.952,0.2542252245327221,3,2
2025,Ligue 1,TOTAL,Over2.5,Strong,1.8379999999999999,0.12024258788831954,2,1
2025,Premier League,TOTAL,Over2.5,Strong,1.966,0.21718760968155015,0,1
2025,Premier League,TOTAL,Over2.5,Strong,1.746,0.1046823728940871,1,2
2025,Premier League,TOTAL,Over2.5,Strong,1.8939999999999997,0.41205965280751533,2,0
2025,La Liga,TOTAL,Over2.5,Strong,2.0999999999999996,0.45714285714285685,2,0
2025,Serie A,TOTAL,Over2.5,Strong,2.466,0.1523364485981309,2,2
2025,Premier League,TOTAL,Over2.5,Strong,1.828,0.43702004990369314,3,1
2025,Ligue 1,TOTAL,Over2.5,Medium,1.734,0.046384282212118766,2,0
2025,Serie A,TOTAL,Over2.5,Strong,2.444,0.14205607476635507,1,3
2025,Serie A,TOTAL,Over2.5,Strong,2.4979999999999998,0.167289719626168,2,1
2025,Premier League,TOTAL,Over2.5,Strong,1.672,0.11784133913213846,2,1
2025,Ligue 1,TOTAL,Over2.5,Weak,1.7400000000000002,0.03228495032387535,2,2
2025,Ligue 1,TOTAL,Over2.5,Medium,1.8219999999999998,0.09729453476543659,2,3
2025,Ligue 1,TOTAL,Over2.5,Medium,1.738,0.06594287980417946,4,2
2025,Bundesliga,TOTAL,Over2.5,Strong,1.716,0.4253130487287742,3,1
2025,Bundesliga,TOTAL,Over2.5,Strong,1.888,0.3673840651546805,3,3
2025,La Liga,TOTAL,Over2.5,Strong,1.986,0.3780408163265305,2,0
2025,Premier League,TOTAL,Over2.5,Strong,1.6760000000000002,0.2666940348792619,2,1
2025,Bundesliga,TOTAL,Over2.5,Strong,1.682,0.36450163967479554,4,0
2025,Bundesliga,1X2,Away,Strong,2.684,0.13433437609914756,0,1
2025,Premier League,TOTAL,Over2.5,Strong,1.9880000000000002,0.2757747002024342,0,2
2025,Premier League,TOTAL,Over2.5,Strong,1.722,0.3732351600496926,2,3
2025,Premier League,TOTAL,Over2.5,Strong,1.768,0.3553845868658736,3,0
2025,Premier League,TOTAL,Over2.5,Strong,1.954,0.2288581852223528,0,2
2025,Premier League,TOTAL,Over2.5,Strong,1.832,0.17817743712369194,0,1
2025,La Liga,TOTAL,Over2.5,Strong,1.922,0.33363265306122436,1,0
2025,Bundesliga,TOTAL,Over2.5,Strong,1.9599999999999997,0.2807814580322916,4,0
2025,Bundesliga,1X2,Away,Strong,2.518,0.17155380583358482,1,1
2025,Serie A,TOTAL,Over2.5,Strong,2.374,0.10934579439252334,2,1
2025,Bundesliga,TOTAL,Over2.5,Strong,1.92,0.23372153389206995,0,1
2025,Bundesliga,TOTAL,Over2.5,Strong,1.8880000000000003,0.21940853215595246,1,1
2025,Premier League,TOTAL,Over2.5,Strong,1.8400000000000003,0.11721547935441601,0,0
2025,Premier League,TOTAL,Over2.5,Strong,1.918,0.48021934711379943,3,0
2025,La Liga,TOTAL,Over2.5,Strong,2.0439999999999996,0.4182857142857139,1,0
2025,La Liga,TOTAL,Over2.5,Strong,2.022,0.4030204081632651,0,2
2025,Premier League,TOTAL,Over2.5,Strong,1.75,0.127997231564694,3,0
2025,Premier League,TOTAL,Over2.5,Strong,1.6640000000000001,0.29054941533818246,3,0
2025,Bundesliga,TOTAL,Over2.5,Strong,1.826,0.21510548647435113,3,1
2025,Bundesliga,TOTAL,Over2.5,Strong,2.2,0.13235448065818267,2,1
2025,Premier League,TOTAL,Over2.5,Strong,1.666,0.2802312951596686,1,2
2025,La Liga,TOTAL,Over2.5,Strong,2.038,0.4141224489795916,3,3
2025,Bundesliga,TOTAL,Over2.5,Strong,1.8240000000000003,0.22187364698355916,4,0
2025,Bundesliga,TOTAL,Over2.5,Strong,2.094,0.41284961428677325,3,2
2025,Bundesliga,TOTAL,Over2.5,Strong,1.8099999999999998,0.17007733946142678,1,0
2025,La Liga,TOTAL,Over2.5,Strong,1.918,0.33085714285714274,1,1
2025,La Liga,TOTAL,Over2.5,Strong,2.034,0.41134693877551,3,0
2025,Bundesliga,TOTAL,Over2.5,Strong,1.768,0.21238496708212784,2,0
2025,Bundesliga,TOTAL,Over2.5,Strong,1.718,0.11360329191378504,2,0
2025,Bundesliga,TOTAL,Over2.5,Strong,2.034,0.34787448369958884,1,0
2025,Bundesliga,TOTAL,Over2.5,Strong,1.6219999999999999,0.12219782443781901,1,1
2025,Bundesliga,1X2,Away,Medium,2.1119999999999997,0.07025689285761572,1,2
2025,Premier League,TOTAL,Over2.5,Strong,1.8,0.16127964951112483,1,1
2025,Bundesliga,1X2,Away,Strong,2.776,0.13580021398983844,0,0
2025,La Liga,TOTAL,Over2.5,Strong,1.888,0.31004081632653047,1,1
2025,Bundesliga,TOTAL,Over2.5,Strong,1.732,0.1902093171178505,2,2
2025,Premier League,TOTAL,Over2.5,Strong,1.716,0.3168941648821235,1,2
2025,Premier League,TOTAL,Over2.5,Strong,1.686,0.10425631657628087,3,2
2025,Ligue 1,TOTAL,Over2.5,Strong,1.902,0.15340756314419268,1,0
2025,La Liga,TOTAL,Over2.5,Strong,1.7239999999999998,0.19624489795918354,0,0
2025,Serie A,TOTAL,Over2.5,Strong,2.366,0.10560747663551395,2,1
2025,Premier League,1X2,Away,Strong,2.7,0.1353729416558611,1,3
2025,Premier League,TOTAL,Over2.5,Strong,1.682,0.1240401284815138,1,1
2025,Premier League,TOTAL,Over2.5,Strong,1.754,0.32598489601903147,1,2
2025,Premier League,TOTAL,Over2.5,Strong,1.81,0.3666859024079565,0,1
2025,Premier League,TOTAL,Over2.5,Strong,1.682,0.15253333349468345,3,1
2025,Premier League,TOTAL,Over2.5,Strong,1.73,0.26382584800519404,1,2
2025,La Liga,TOTAL,Over2.5,Strong,1.8920000000000001,0.3128163265306123,3,0
2025,Serie A,TOTAL,Over2.5,Strong,2.362,0.10373831775700948,3,1
2025,Serie A,TOTAL,Over2.5,Strong,2.56,0.19626168224299056,0,2
2025,La Liga,TOTAL,Over2.5,Strong,2.098,0.45575510204081615,2,1
2025,Serie A,TOTAL,Over2.5,Strong,2.0119999999999996,1.0119979879999996,3,1
2025,Premier League,TOTAL,Over2.5,Strong,1.7260000000000002,0.38029603227074094,4,1
2025,Premier League,TOTAL,Over2.5,Strong,1.8419999999999999,0.4925460000376043,3,1
2025,Premier League,TOTAL,Over2.5,Strong,1.8240000000000003,0.15081107989022424,3,4
2025,Ligue 1,TOTAL,Over2.5,Weak,1.658,0.022985846871546922,3,0
2025,Premier League,TOTAL,Over2.5,Strong,1.794,0.1544447696140845,2,1
2025,Premier League,TOTAL,Over2.5,Strong,1.682,0.34216153617952383,3,0
2025,Premier League,TOTAL,Over2.5,Strong,1.7100000000000002,0.14177408514586465,1,5
2025,Premier League,TOTAL,Over2.5,Strong,1.9459999999999997,0.2467901548300775,2,1
2025,Premier League,TOTAL,Over2.5,Strong,1.85,0.23022634742951875,1,0
2025,Premier League,TOTAL,Over2.5,Strong,1.796,0.11724900692622464,3,0
2025,Premier League,TOTAL,Over2.5,Strong,1.716,0.2983712765680444,1,0
2025,Premier League,1X2,Away,Strong,2.654,0.19157783994538624,3,0
