fixture_id,match_date,league,market,outcome,odds,ev,won,profit
1208180,2024-12-14 17:30:00,Premier League,1X2,Draw,3.38,-0.0764289266288053,0,-1.0
1208183,2024-12-21 12:30:00,Premier League,1X2,Draw,3.65,-0.049203269928606,0,-1.0
1208185,2024-12-21 17:30:00,Premier League,1X2,Draw,4.0,-0.0255055094094333,0,-1.0
1208190,2024-12-22 14:00:00,Premier League,1X2,Draw,4.08,-0.0645716121392,0,-1.0
1208186,2024-12-22 14:00:00,Premier League,1X2,Draw,4.1,-0.1293438597593348,1,3.0999999999999996
1208201,2024-12-26 15:00:00,Premier League,1X2,Draw,3.48,-0.096168661363026,0,-1.0
1208203,2024-12-30 19:45:00,Premier League,1X2,Draw,3.95,-0.0446739903820395,1,2.95
1208221,2025-01-04 12:30:00,Premier League,1X2,Draw,3.9,-0.0092454087552372,0,-1.0
1208220,2025-01-04 15:00:00,Premier League,1X2,Draw,3.42,-0.0861182928870459,0,-1.0
1208215,2025-01-04 17:30:00,Premier League,1X2,Draw,3.7,-0.111862744135487,1,2.7
1208228,2025-01-14 20:00:00,Premier League,1X2,Draw,4.33,-0.0176717437841248,1,3.33
1208226,2025-01-16 19:30:00,Premier League,1X2,Draw,3.87,0.0344781688523136,0,-1.0
1208238,2025-01-18 15:00:00,Premier League,1X2,Draw,3.6,-0.0766559589236821,0,-1.0
1208236,2025-01-19 14:00:00,Premier League,1X2,Draw,3.44,-0.1015977719707197,0,-1.0
1208249,2025-01-25 17:30:00,Premier League,1X2,Draw,4.0,-0.0189927902276441,0,-1.0
1208251,2025-01-26 14:00:00,Premier League,1X2,Draw,4.8,-0.1675245750494026,0,-1.0
1208244,2025-01-26 16:30:00,Premier League,1X2,Draw,4.415,-0.1136300909486959,1,3.415
1208253,2025-02-01 15:00:00,Premier League,1X2,Draw,4.2,0.0216990089695172,0,-1.0
1208262,2025-02-01 17:30:00,Premier League,1X2,Draw,3.81,-0.0023849038256853,0,-1.0
1208264,2025-02-14 20:00:00,Premier League,1X2,Draw,3.75,-0.0258859731793077,0,-1.0
1208269,2025-02-15 15:00:00,Premier League,1X2,Draw,4.0,-0.1063806211630501,0,-1.0
1208270,2025-02-15 15:00:00,Premier League,1X2,Draw,4.5,0.0195816992146031,0,-1.0
1208279,2025-02-21 20:00:00,Premier League,1X2,Draw,4.01,0.0119607775087458,0,-1.0
1208273,2025-02-22 15:00:00,Premier League,1X2,Draw,4.54,-0.0556216056724263,0,-1.0
1208282,2025-02-22 15:00:00,Premier League,1X2,Draw,4.2,-0.0831808226591708,0,-1.0
1208288,2025-02-25 19:30:00,Premier League,1X2,Draw,3.28,-0.1064234721727784,0,-1.0
1208289,2025-02-25 19:30:00,Premier League,1X2,Draw,3.32,-0.0964360114306249,0,-1.0
1208286,2025-02-26 19:30:00,Premier League,1X2,Draw,4.0,-0.0012824859074702,0,-1.0
1208287,2025-02-27 20:00:00,Premier League,1X2,Draw,4.0,-0.1142380495112763,0,-1.0
1208298,2025-03-09 16:30:00,Premier League,1X2,Draw,3.6,-0.1171198887312475,1,2.6
1208301,2025-03-10 20:00:00,Premier League,1X2,Draw,3.4,-0.0843603798020948,0,-1.0
1208312,2025-03-15 15:00:00,Premier League,1X2,Draw,3.58,-0.0193559044661413,0,-1.0
1208308,2025-03-15 15:00:00,Premier League,1X2,Draw,3.67,-0.0043608626936539,0,-1.0
1208309,2025-03-16 19:00:00,Premier League,1X2,Draw,3.65,-0.068083882698569,0,-1.0
1208321,2025-04-02 18:45:00,Premier League,1X2,Draw,4.1,-0.0474248427874473,1,3.0999999999999996
1208318,2025-04-03 19:00:00,Premier League,1X2,Draw,4.4,-0.1296191310009428,0,-1.0
1208324,2025-04-06 13:00:00,Premier League,1X2,Draw,3.7,-0.0465125664386405,1,2.7
1208330,2025-04-06 15:30:00,Premier League,1X2,Draw,3.71,-0.0471079888043677,1,2.71
1208329,2025-04-07 19:00:00,Premier League,1X2,Draw,4.43,-0.0138528512007758,0,-1.0
1208341,2025-04-12 14:00:00,Premier League,1X2,Draw,4.324999999999999,-0.0317006675011766,0,-1.0
1208342,2025-04-13 13:00:00,Premier League,1X2,Draw,3.49,-0.1185377476751808,0,-1.0
1208339,2025-04-13 15:30:00,Premier League,1X2,Draw,4.1,-0.0801573488156861,0,-1.0
1208352,2025-04-19 14:00:00,Premier League,1X2,Draw,4.69,-0.0965542571614282,1,3.69
1208347,2025-04-20 13:00:00,Premier League,1X2,Draw,3.44,-0.0946741475630803,0,-1.0
1208370,2025-05-03 14:00:00,Premier League,1X2,Draw,3.75,-0.052749331647945,0,-1.0
1208369,2025-05-03 14:00:00,Premier League,1X2,Draw,4.39,-0.1114089523671455,1,3.3899999999999997
1208375,2025-05-10 14:00:00,Premier League,1X2,Draw,4.2,0.0092249549812326,0,-1.0
1208382,2025-05-10 14:00:00,Premier League,1X2,Draw,3.395,-0.1261395122209415,0,-1.0
1208392,2025-05-18 13:15:00,Premier League,1X2,Draw,3.44,-0.0887067915876698,0,-1.0
1208394,2025-05-25 15:00:00,Premier League,1X2,Draw,4.2,-0.0530032788384943,0,-1.0
1208402,2025-05-25 15:00:00,Premier League,1X2,Draw,3.675,-0.0453821414927028,1,2.675
1378975,2025-08-16 16:30:00,Premier League,1X2,Draw,4.598000000000001,0.0273513894200674,0,-1.0
1378977,2025-08-17 15:30:00,Premier League,1X2,Draw,3.492,-0.0641906784802692,0,-1.0
1378978,2025-08-18 19:00:00,Premier League,1X2,Draw,3.314,-0.1101579796117676,0,-1.0
1378982,2025-08-23 14:00:00,Premier League,1X2,Draw,3.232,-0.1131288673933333,0,-1.0
1378981,2025-08-23 14:00:00,Premier League,1X2,Draw,3.5520000000000005,-0.0267254522489179,0,-1.0
1378984,2025-08-24 13:00:00,Premier League,1X2,Draw,3.338,-0.0553671564833399,0,-1.0
1378987,2025-08-25 19:00:00,Premier League,1X2,Draw,3.8,-0.0545220742498359,0,-1.0
1378992,2025-08-30 16:30:00,Premier League,1X2,Draw,3.4619999999999997,-0.0528373102095904,1,2.4619999999999997
1379004,2025-09-13 14:00:00,Premier League,1X2,Draw,3.25,-0.0965971535250327,1,2.25
1379006,2025-09-14 15:30:00,Premier League,1X2,Draw,4.040000000000001,-0.1066052365655026,0,-1.0
1379012,2025-09-20 14:00:00,Premier League,1X2,Draw,3.436,0.0064130296138014,1,2.436
1379017,2025-09-20 14:00:00,Premier League,1X2,Draw,3.412,-0.0654732692595796,0,-1.0
1379015,2025-09-20 16:30:00,Premier League,1X2,Draw,3.608,-0.0380058475600103,0,-1.0
1379016,2025-09-21 13:00:00,Premier League,1X2,Draw,3.486,-0.0208744744098478,1,2.486
1379024,2025-09-27 14:00:00,Premier League,1X2,Draw,3.396,-0.0837832276801706,1,2.396
1379028,2025-09-27 19:00:00,Premier League,1X2,Draw,4.418000000000001,-0.101219172261425,1,3.418000000000001
1379026,2025-09-28 15:30:00,Premier League,1X2,Draw,3.5499999999999994,-0.0717328418511641,0,-1.0
1379035,2025-10-04 11:30:00,Premier League,1X2,Draw,3.67,-0.0254451182119095,0,-1.0
1379033,2025-10-04 16:30:00,Premier League,1X2,Draw,3.684,-0.0368025504419846,0,-1.0
1379038,2025-10-05 13:00:00,Premier League,1X2,Draw,3.640000000000001,0.0032314637476045,1,2.640000000000001
1379037,2025-10-05 13:00:00,Premier League,1X2,Draw,4.0600000000000005,-0.0610805314392352,0,-1.0
1379045,2025-10-18 11:30:00,Premier League,1X2,Draw,3.674,-0.0262929371401301,0,-1.0
1379047,2025-10-19 13:00:00,Premier League,1X2,Draw,3.554,-0.1203016701771483,0,-1.0
1379048,2025-10-20 19:00:00,Premier League,1X2,Draw,3.5700000000000003,-0.1053203657955683,0,-1.0
1379067,2025-11-01 17:30:00,Premier League,1X2,Draw,3.692,-0.0839118894671162,0,-1.0
1379063,2025-11-01 20:00:00,Premier League,1X2,Draw,4.6,-0.1280833138723438,0,-1.0
1379068,2025-11-02 14:00:00,Premier League,1X2,Draw,4.016,-0.0071617464145015,0,-1.0
1379076,2025-11-08 17:30:00,Premier League,1X2,Draw,4.6659999999999995,0.0232504102467894,1,3.665999999999999
1379082,2025-11-22 12:30:00,Premier League,1X2,Draw,4.1,-0.0852731424378148,0,-1.0
1379088,2025-11-22 15:00:00,Premier League,1X2,Draw,3.514,-0.1080120263064062,0,-1.0
1379087,2025-11-22 17:30:00,Premier League,1X2,Draw,3.71,-0.0442718116208435,0,-1.0
1379095,2025-11-30 14:05:00,Premier League,1X2,Draw,3.44,-0.0841702367020575,0,-1.0
1379091,2025-11-30 16:30:00,Premier League,1X2,Draw,3.3800000000000003,-0.1095899757570091,1,2.3800000000000003
1379103,2025-12-02 19:30:00,Premier League,1X2,Draw,4.072,-0.0614193467794654,0,-1.0
1379108,2025-12-03 19:30:00,Premier League,1X2,Draw,3.314,-0.1034938902680903,0,-1.0
1379109,2025-12-06 12:30:00,Premier League,1X2,Draw,3.646,-0.0274376670053142,0,-1.0
1379110,2025-12-06 15:00:00,Premier League,1X2,Draw,3.504,-0.0929779743068859,1,2.504
1379121,2025-12-13 17:30:00,Premier League,1X2,Draw,3.528,-0.0532135239190167,0,-1.0
1379123,2025-12-14 14:00:00,Premier League,1X2,Draw,3.702,-0.0372414596670084,0,-1.0
1379128,2025-12-14 14:00:00,Premier League,1X2,Draw,3.652,-0.016352146333845,0,-1.0
1379138,2025-12-20 15:00:00,Premier League,1X2,Draw,3.446,-0.056683698220607,0,-1.0
1379137,2025-12-20 17:30:00,Premier League,1X2,Draw,3.73,-0.0771709940488747,0,-1.0
1379134,2025-12-20 20:00:00,Premier League,1X2,Draw,3.2660000000000005,-0.1062933757223987,0,-1.0
1379129,2025-12-21 16:30:00,Premier League,1X2,Draw,3.5759999999999996,-0.100455509120429,0,-1.0
1379146,2025-12-27 12:30:00,Premier League,1X2,Draw,4.0840000000000005,-0.0810910735905222,0,-1.0
1379141,2025-12-27 15:00:00,Premier League,1X2,Draw,3.3939999999999997,-0.0693521823719105,1,2.3939999999999997
1379148,2025-12-27 15:00:00,Premier League,1X2,Draw,3.396,-0.0508187039225979,0,-1.0
1379158,2025-12-30 19:30:00,Premier League,1X2,Draw,3.498,-0.0811170680326051,1,2.498
1379157,2026-01-01 20:00:00,Premier League,1X2,Draw,4.279999999999999,-0.0436577561024735,1,3.2799999999999994
1379160,2026-01-03 17:30:00,Premier League,1X2,Draw,4.1339999999999995,-0.0754204315389357,0,-1.0
1379164,2026-01-04 12:30:00,Premier League,1X2,Draw,3.4299999999999997,-0.0891853770055852,1,2.4299999999999997
1379173,2026-01-07 19:30:00,Premier League,1X2,Draw,3.472,-0.0390721843464096,1,2.472
1379175,2026-01-07 19:30:00,Premier League,1X2,Draw,3.54,-0.1073961943081308,0,-1.0
1379169,2026-01-08 20:00:00,Premier League,1X2,Draw,4.093999999999999,-0.1097268162773115,1,3.0939999999999994
1379184,2026-01-17 12:30:00,Premier League,1X2,Draw,4.052,0.0025035311951795,0,-1.0
1379192,2026-01-24 15:00:00,Premier League,1X2,Draw,3.5340000000000003,-0.0223548868580681,1,2.5340000000000003
1379193,2026-01-25 14:00:00,Premier League,1X2,Draw,3.662,-0.0123707657473688,0,-1.0
1379197,2026-01-25 14:00:00,Premier League,1X2,Draw,3.702,-0.1055264377348638,0,-1.0
1379208,2026-01-31 15:00:00,Premier League,1X2,Draw,3.614,-0.0671946222547572,0,-1.0
1379207,2026-02-01 16:30:00,Premier League,1X2,Draw,4.08,-0.0084341503436218,1,3.08
1379216,2026-02-07 12:30:00,Premier League,1X2,Draw,4.029999999999999,-0.1170496395578458,0,-1.0
1379212,2026-02-07 15:00:00,Premier League,1X2,Draw,3.46,-0.0543029902955698,0,-1.0
1379210,2026-02-07 15:00:00,Premier League,1X2,Draw,3.614,0.007551521362439,1,2.614
1379227,2026-02-10 19:30:00,Premier League,1X2,Draw,3.592,-0.0837317340495182,0,-1.0
1379228,2026-02-10 20:15:00,Premier League,1X2,Draw,4.0120000000000005,-0.0226653242427222,1,3.0120000000000005
1379226,2026-02-11 20:15:00,Premier League,1X2,Draw,4.052,-0.0186964418529302,0,-1.0
1379238,2026-02-21 17:30:00,Premier League,1X2,Draw,3.633999999999999,-0.0307445067687613,1,2.6339999999999995
1379237,2026-02-22 16:30:00,Premier League,1X2,Draw,4.002,-0.0435956882752494,0,-1.0
1379242,2026-02-28 15:00:00,Premier League,1X2,Draw,3.782,-0.0655730952182509,0,-1.0
1379244,2026-02-28 17:30:00,Premier League,1X2,Draw,4.1339999999999995,-0.109789181100471,0,-1.0
1379241,2026-03-01 14:00:00,Premier League,1X2,Draw,3.5420000000000003,-0.1201046952105154,0,-1.0
1379261,2026-03-14 15:00:00,Premier League,1X2,Draw,3.872,-0.0292423483743728,1,2.872
1379268,2026-03-14 20:00:00,Premier League,1X2,Draw,4.180000000000001,-0.0451444762750734,1,3.1800000000000006
1379271,2026-03-21 12:30:00,Premier League,1X2,Draw,3.754,-0.0879956004677761,0,-1.0
1379272,2026-03-21 17:30:00,Premier League,1X2,Draw,3.708,-0.0717746723291878,0,-1.0
1379274,2026-03-21 20:00:00,Premier League,1X2,Draw,3.5239999999999996,-0.1057612688302299,1,2.5239999999999996
1379284,2026-04-11 16:30:00,Premier League,1X2,Draw,4.4159999999999995,-0.1050388424505538,0,-1.0
1379286,2026-04-12 13:00:00,Premier League,1X2,Draw,3.3659999999999997,-0.0752546962256436,1,2.3659999999999997
1379298,2026-04-18 16:30:00,Premier League,1X2,Draw,3.640000000000001,-0.0121789322995476,1,2.640000000000001
1208184,2024-12-21 15:00:00,Premier League,1X2,Home,2.3,0.1839119150857089,0,-1.0
1208199,2024-12-26 15:00:00,Premier League,1X2,Home,2.01,0.1594293197064265,1,1.0099999999999998
1208200,2024-12-26 15:00:00,Premier League,1X2,Home,2.38,0.1921956536368527,1,1.38
1208213,2025-01-04 15:00:00,Premier League,1X2,Home,1.73,0.0823010746444157,1,0.73
1208246,2025-01-26 14:00:00,Premier League,1X2,Home,2.07,0.1870793875698302,0,-1.0
1208269,2025-02-15 15:00:00,Premier League,1X2,Home,1.95,0.1069270065257357,1,0.95
1208266,2025-02-15 15:00:00,Premier League,1X2,Home,2.23,0.2111162341119534,1,1.23
1208284,2025-02-25 19:30:00,Premier League,1X2,Home,2.1,0.1589418658670915,1,1.1
1208283,2025-02-26 19:30:00,Premier League,1X2,Home,2.01,0.1527906360749866,0,-1.0
1208306,2025-03-15 15:00:00,Premier League,1X2,Home,2.15,0.1469527547263189,0,-1.0
1208316,2025-04-01 19:00:00,Premier League,1X2,Home,2.38,0.2157232392978021,1,1.38
1208320,2025-04-02 18:45:00,Premier League,1X2,Home,1.73,0.0938684771671776,1,0.73
1208333,2025-04-14 19:00:00,Premier League,1X2,Home,2.13,0.2014609500252984,1,1.13
1208311,2025-04-16 18:30:00,Premier League,1X2,Home,1.73,0.1437494330131552,1,0.73
1208358,2025-04-22 19:00:00,Premier League,1X2,Home,1.89,0.1752571334468706,1,0.8899999999999999
1208368,2025-05-05 19:00:00,Premier League,1X2,Home,2.24,0.1769164219552033,0,-1.0
1208390,2025-05-18 14:00:00,Premier League,1X2,Home,2.19,0.1588222008747659,1,1.19
1208383,2025-05-18 15:30:00,Premier League,1X2,Home,1.985,0.1518102479474421,1,0.985
1378972,2025-08-17 13:00:00,Premier League,1X2,Home,2.082,0.1599678545366039,1,1.082
1378980,2025-08-23 14:00:00,Premier League,1X2,Home,1.838,0.1492796918204533,1,0.8379999999999999
1378983,2025-08-24 13:00:00,Premier League,1X2,Home,2.184,0.2022554018844153,0,-1.0
1378995,2025-08-31 13:00:00,Premier League,1X2,Home,1.718,0.1035918958369488,0,-1.0
1379000,2025-09-13 14:00:00,Premier League,1X2,Home,2.3920000000000003,0.2231983239905455,1,1.3920000000000003
1379021,2025-09-27 14:00:00,Premier League,1X2,Home,1.748,0.1562565428876894,0,-1.0
1379041,2025-10-18 14:00:00,Premier League,1X2,Home,2.192,0.1365539546305092,0,-1.0
1379055,2025-10-24 19:00:00,Premier League,1X2,Home,2.05,0.1593700795460526,1,1.0499999999999998
1379056,2025-10-25 16:30:00,Premier League,1X2,Home,2.038,0.1556356141578654,1,1.0379999999999998
1379059,2025-11-01 15:00:00,Premier League,1X2,Home,1.768,0.0938784681710207,1,0.768
1379072,2025-11-09 14:00:00,Premier League,1X2,Home,2.274,0.1743141409090085,0,-1.0
1379107,2025-12-02 20:15:00,Premier League,1X2,Home,1.748,0.1199203307990277,0,-1.0
1379101,2025-12-03 19:30:00,Premier League,1X2,Home,2.274,0.2098268881597378,0,-1.0
1379117,2025-12-06 15:00:00,Premier League,1X2,Home,2.264,0.1821692644639916,1,1.2640000000000002
1379126,2025-12-14 14:00:00,Premier League,1X2,Home,2.3920000000000003,0.2207447640083939,1,1.3920000000000003
1379133,2025-12-22 20:00:00,Premier League,1X2,Home,2.248,0.2180295817135302,1,1.2479999999999998
1379156,2025-12-30 19:30:00,Premier League,1X2,Home,2.3,0.1947583348834831,0,-1.0
1379153,2026-01-01 17:30:00,Premier League,1X2,Home,2.1380000000000003,0.1981213732561428,0,-1.0
1379167,2026-01-04 15:00:00,Premier League,1X2,Home,1.828,0.1744027146431017,0,-1.0
1379165,2026-01-04 17:30:00,Premier League,1X2,Home,1.762,0.1016720425943209,0,-1.0
1379174,2026-01-07 19:30:00,Premier League,1X2,Home,1.782,0.1319228570888804,0,-1.0
1379177,2026-01-07 20:15:00,Premier League,1X2,Home,1.706,0.1586563581934301,1,0.706
1379191,2026-01-25 14:00:00,Premier League,1X2,Home,2.146,0.1994090934640129,0,-1.0
1379203,2026-01-31 20:00:00,Premier League,1X2,Home,1.826,0.1244863067551249,1,0.8259999999999998
1379219,2026-02-11 19:30:00,Premier League,1X2,Home,1.924,0.1537073084941405,1,0.924
1379250,2026-03-03 19:30:00,Premier League,1X2,Home,2.34,0.1427394105666599,0,-1.0
1379262,2026-03-14 17:30:00,Premier League,1X2,Home,1.81,0.1465763103955537,0,-1.0
1379280,2026-04-11 14:00:00,Premier League,1X2,Home,2.208,0.1705921002115962,0,-1.0
1379291,2026-04-18 19:00:00,Premier League,1X2,Home,2.192,0.1282028899571867,0,-1.0
1387700,2025-08-17 13:00:00,Ligue 1,1X2,Draw,3.622,0.0146564143200067,1,2.622
1387707,2025-08-24 15:15:00,Ligue 1,1X2,Draw,3.4799999999999995,0.0048895246130895,0,-1.0
1387708,2025-08-24 18:45:00,Ligue 1,1X2,Draw,3.428,-0.1131298724939368,0,-1.0
1387716,2025-08-31 13:00:00,Ligue 1,1X2,Draw,3.4299999999999997,-0.0465348478084098,1,2.4299999999999997
1387729,2025-09-14 15:15:00,Ligue 1,1X2,Draw,3.4260000000000006,-0.0610177573537752,1,2.4260000000000006
1387732,2025-09-14 18:45:00,Ligue 1,1X2,Draw,3.3880000000000003,-0.1165543809237308,0,-1.0
1387741,2025-09-20 15:00:00,Ligue 1,1X2,Draw,3.3560000000000003,-0.0608137351114508,1,2.3560000000000003
1387735,2025-09-20 17:00:00,Ligue 1,1X2,Draw,3.49,-0.0449535522169641,0,-1.0
1387742,2025-09-21 13:00:00,Ligue 1,1X2,Draw,3.518,-0.0788294667141913,0,-1.0
1387734,2025-09-21 15:15:00,Ligue 1,1X2,Draw,3.348,-0.0484067939154791,0,-1.0
1387736,2025-09-21 15:15:00,Ligue 1,1X2,Draw,3.3620000000000005,-0.1013240532496648,1,2.3620000000000005
1387744,2025-09-28 15:15:00,Ligue 1,1X2,Draw,3.534,0.0015621268808845,0,-1.0
1387743,2025-09-28 15:15:00,Ligue 1,1X2,Draw,3.35,-0.1009607937879536,0,-1.0
1387746,2025-09-28 15:15:00,Ligue 1,1X2,Draw,3.428,-0.1121645917737954,1,2.428
1387749,2025-09-28 18:45:00,Ligue 1,1X2,Draw,3.428,-0.0294080178752694,1,2.428
1387753,2025-10-04 17:00:00,Ligue 1,1X2,Draw,3.696,0.0029190670196654,1,2.696
1387754,2025-10-05 15:15:00,Ligue 1,1X2,Draw,3.4379999999999997,-0.0691499734472942,1,2.4379999999999997
1387782,2025-10-29 18:00:00,Ligue 1,1X2,Draw,3.3920000000000003,-0.0032391992335549,0,-1.0
1387785,2025-10-29 20:05:00,Ligue 1,1X2,Draw,3.428,0.0024198861497988,1,2.428
1387793,2025-11-02 16:15:00,Ligue 1,1X2,Draw,3.5200000000000005,-0.0815805783879194,0,-1.0
1387798,2025-11-08 18:00:00,Ligue 1,1X2,Draw,3.344,-0.0959193830769983,1,2.344
1387799,2025-11-09 14:00:00,Ligue 1,1X2,Draw,3.2299999999999995,-0.1082689127818725,1,2.2299999999999995
1387802,2025-11-09 16:15:00,Ligue 1,1X2,Draw,3.596,-0.0723211503293008,0,-1.0
1387805,2025-11-09 16:15:00,Ligue 1,1X2,Draw,3.4579999999999997,-0.0298689126083865,0,-1.0
1387806,2025-11-23 14:00:00,Ligue 1,1X2,Draw,3.594,-0.1073069859178895,1,2.594
1387820,2025-11-28 19:45:00,Ligue 1,1X2,Draw,3.616,-0.0898135055077122,0,-1.0
1387823,2025-11-30 14:00:00,Ligue 1,1X2,Draw,3.59,-0.0007687670248123,0,-1.0
1387816,2025-11-30 16:15:00,Ligue 1,1X2,Draw,3.5380000000000003,0.0134670175371862,0,-1.0
1387817,2025-11-30 16:15:00,Ligue 1,1X2,Draw,3.376,-0.012171394079944,0,-1.0
1387832,2025-12-06 18:00:00,Ligue 1,1X2,Draw,3.4159999999999995,0.0092299919848251,0,-1.0
1387826,2025-12-07 16:15:00,Ligue 1,1X2,Draw,3.3200000000000003,-0.0325855505736333,1,2.3200000000000003
1387840,2025-12-13 16:00:00,Ligue 1,1X2,Draw,3.708,-0.010800702550431,0,-1.0
1387839,2025-12-13 20:05:00,Ligue 1,1X2,Draw,3.414,-0.1001365265216992,0,-1.0
1387850,2026-01-02 19:45:00,Ligue 1,1X2,Draw,3.3120000000000003,-0.0561236899590154,0,-1.0
1387842,2026-01-04 16:15:00,Ligue 1,1X2,Draw,3.438,-0.0992978186469804,0,-1.0
1387843,2026-01-04 16:15:00,Ligue 1,1X2,Draw,3.26,-0.1150968977781997,0,-1.0
1387866,2026-01-25 14:00:00,Ligue 1,1X2,Draw,3.4,-0.0728827172739969,0,-1.0
1387873,2026-01-31 20:05:00,Ligue 1,1X2,Draw,3.796,-0.0329578971818491,0,-1.0
1387879,2026-02-08 16:15:00,Ligue 1,1X2,Draw,3.224,-0.0827319944546021,1,2.224
1387881,2026-02-08 16:15:00,Ligue 1,1X2,Draw,3.464,-0.0589639802912602,0,-1.0
1387894,2026-02-14 20:05:00,Ligue 1,1X2,Draw,3.636,-0.0321102023979581,0,-1.0
1387898,2026-02-20 19:45:00,Ligue 1,1X2,Draw,3.68,-0.0064690358737058,0,-1.0
1387897,2026-02-22 14:00:00,Ligue 1,1X2,Draw,3.3419999999999996,-0.0552923874908192,0,-1.0
1387901,2026-02-22 16:15:00,Ligue 1,1X2,Draw,3.4579999999999997,0.0085402865203003,1,2.4579999999999997
1387896,2026-02-22 16:15:00,Ligue 1,1X2,Draw,3.522,-0.0428388931485168,0,-1.0
1387903,2026-02-22 19:45:00,Ligue 1,1X2,Draw,3.506,-0.0809987341119014,0,-1.0
1387912,2026-02-28 16:00:00,Ligue 1,1X2,Draw,3.3699999999999997,-0.1001261504295804,0,-1.0
1387909,2026-03-01 16:15:00,Ligue 1,1X2,Draw,3.3979999999999997,-0.0298545505076012,0,-1.0
1387908,2026-03-01 19:45:00,Ligue 1,1X2,Draw,3.624,-0.0705539738310527,0,-1.0
1387914,2026-03-07 18:00:00,Ligue 1,1X2,Draw,3.2979999999999996,-0.0980252501614105,1,2.2979999999999996
1387922,2026-03-07 20:05:00,Ligue 1,1X2,Draw,3.51,-0.1068430575782497,0,-1.0
1387920,2026-03-08 16:15:00,Ligue 1,1X2,Draw,3.438,-0.0869019852817147,0,-1.0
1387924,2026-03-15 16:15:00,Ligue 1,1X2,Draw,3.404,-0.0512568586782179,1,2.404
1387927,2026-03-15 16:15:00,Ligue 1,1X2,Draw,3.3899999999999997,-0.0235726162968996,0,-1.0
1387936,2026-03-22 19:45:00,Ligue 1,1X2,Draw,3.592,-0.0212300331451831,0,-1.0
1387947,2026-04-05 18:45:00,Ligue 1,1X2,Draw,3.5439999999999996,-0.0081091849928556,0,-1.0
1387956,2026-04-10 17:00:00,Ligue 1,1X2,Draw,3.632,-0.045464721296543,0,-1.0
1387958,2026-04-12 15:15:00,Ligue 1,1X2,Draw,3.248,-0.0021460197002901,0,-1.0
1224092,2024-12-15 18:30:00,Bundesliga,1X2,Draw,3.75,-0.0101880998654133,0,-1.0
1224124,2025-01-14 19:30:00,Bundesliga,1X2,Draw,3.99,0.1791420842660014,0,-1.0
1224126,2025-01-15 17:30:00,Bundesliga,1X2,Draw,3.4,0.0961893247239891,0,-1.0
1224125,2025-01-15 19:30:00,Bundesliga,1X2,Draw,3.71,0.1006256378356087,0,-1.0
1224132,2025-01-18 14:30:00,Bundesliga,1X2,Draw,3.51,0.0416845908375491,0,-1.0
1224136,2025-01-18 14:30:00,Bundesliga,1X2,Draw,3.64,0.0982250905870198,0,-1.0
1224133,2025-01-19 16:30:00,Bundesliga,1X2,Draw,3.7,-0.0871822107742602,0,-1.0
1224141,2025-01-25 14:30:00,Bundesliga,1X2,Draw,3.65,0.1485303327229192,0,-1.0
1224149,2025-02-02 14:30:00,Bundesliga,1X2,Draw,3.75,-0.0721816589882399,1,2.75
1224160,2025-02-08 14:30:00,Bundesliga,1X2,Draw,3.9,-0.0594792045170338,1,2.9
1224170,2025-02-15 14:30:00,Bundesliga,1X2,Draw,3.79,0.1731406402352617,0,-1.0
1224183,2025-03-01 14:30:00,Bundesliga,1X2,Draw,3.81,-0.0890625795597306,0,-1.0
1224207,2025-03-16 15:20:00,Bundesliga,1X2,Draw,3.89,0.0902792250844737,0,-1.0
1224202,2025-03-16 16:30:00,Bundesliga,1X2,Draw,3.77,0.0631622062546752,0,-1.0
1224216,2025-03-29 14:30:00,Bundesliga,1X2,Draw,3.55,-0.0527623579421129,0,-1.0
1224224,2025-04-06 15:30:00,Bundesliga,1X2,Draw,3.3,0.0366655614538338,0,-1.0
1224232,2025-04-11 18:30:00,Bundesliga,1X2,Draw,3.6,-0.0600256725285013,0,-1.0
1224242,2025-04-19 13:30:00,Bundesliga,1X2,Draw,3.81,0.0913345338449271,1,2.81
1224240,2025-04-19 13:30:00,Bundesliga,1X2,Draw,3.96,-0.0714396089209072,0,-1.0
1224250,2025-04-27 15:30:00,Bundesliga,1X2,Draw,3.71,0.0800928368931332,1,2.71
1224260,2025-05-03 13:30:00,Bundesliga,1X2,Draw,3.8,0.0309648733463028,1,2.8
1224269,2025-05-10 13:30:00,Bundesliga,1X2,Draw,3.55,0.0038010226136124,0,-1.0
1224276,2025-05-17 13:30:00,Bundesliga,1X2,Draw,3.65,0.0083541123062491,0,-1.0
1388315,2025-08-23 16:30:00,Bundesliga,1X2,Draw,3.862,-0.0815485058365432,1,2.8619999999999997
1388320,2025-08-29 18:30:00,Bundesliga,1X2,Draw,3.414,0.0567259828040112,0,-1.0
1388324,2025-08-30 13:30:00,Bundesliga,1X2,Draw,3.762,-0.0573081608094686,1,2.7619999999999996
1388334,2025-09-13 13:30:00,Bundesliga,1X2,Draw,3.6599999999999993,0.0844233690716196,1,2.6599999999999993
1388332,2025-09-14 13:30:00,Bundesliga,1X2,Draw,3.4560000000000004,0.0397564264364225,0,-1.0
1388339,2025-09-20 13:30:00,Bundesliga,1X2,Draw,3.61,0.1329187592458514,0,-1.0
1388348,2025-09-27 13:30:00,Bundesliga,1X2,Draw,3.404,0.0548054486096132,0,-1.0
1388345,2025-09-27 16:30:00,Bundesliga,1X2,Draw,3.812,-0.1291125052313201,0,-1.0
1388359,2025-10-03 18:30:00,Bundesliga,1X2,Draw,3.87,0.1218916880148255,0,-1.0
1388368,2025-10-19 15:30:00,Bundesliga,1X2,Draw,3.464,0.0542386726396839,0,-1.0
1388384,2025-11-01 14:30:00,Bundesliga,1X2,Draw,3.804,0.0929283099520517,1,2.804
1388387,2025-11-01 14:30:00,Bundesliga,1X2,Draw,3.3480000000000003,0.0407017409761165,1,2.3480000000000003
1388385,2025-11-01 14:30:00,Bundesliga,1X2,Draw,3.836,0.054409751391006,0,-1.0
1388386,2025-11-01 14:30:00,Bundesliga,1X2,Draw,3.5599999999999996,0.0993702953430699,0,-1.0
1388382,2025-11-02 14:30:00,Bundesliga,1X2,Draw,3.684,0.0298966828457745,0,-1.0
1388390,2025-11-08 17:30:00,Bundesliga,1X2,Draw,3.586,0.1050984043568439,0,-1.0
1388391,2025-11-09 18:30:00,Bundesliga,1X2,Draw,3.964,-0.0244388220585831,0,-1.0
1388403,2025-11-21 19:30:00,Bundesliga,1X2,Draw,3.692,0.0991384904586765,1,2.692
1388402,2025-11-22 14:30:00,Bundesliga,1X2,Draw,3.642,0.0873444519502133,0,-1.0
1388401,2025-11-22 17:30:00,Bundesliga,1X2,Draw,3.718,-0.0890517087499588,0,-1.0
1388415,2025-11-29 14:30:00,Bundesliga,1X2,Draw,3.7,0.0046975378593581,1,2.7
1388427,2025-12-13 14:30:00,Bundesliga,1X2,Draw,3.764,0.0842382398677126,0,-1.0
1388431,2025-12-13 14:30:00,Bundesliga,1X2,Draw,3.5519999999999996,0.0475149576025568,0,-1.0
1388434,2025-12-20 14:30:00,Bundesliga,1X2,Draw,3.506,0.0202835872203854,1,2.506
1388448,2026-01-10 14:30:00,Bundesliga,1X2,Draw,3.5260000000000007,0.0791086267017464,1,2.5260000000000007
1388447,2026-01-10 14:30:00,Bundesliga,1X2,Draw,3.716,-0.1246346557850125,0,-1.0
1388443,2026-01-10 17:30:00,Bundesliga,1X2,Draw,3.922,0.020762496754785,0,-1.0
1388460,2026-01-14 17:30:00,Bundesliga,1X2,Draw,3.737999999999999,0.0929828419085614,0,-1.0
1388456,2026-01-14 19:30:00,Bundesliga,1X2,Draw,3.848,0.090186805113428,0,-1.0
1388473,2026-01-24 14:30:00,Bundesliga,1X2,Draw,3.71,0.080827002648127,0,-1.0
1388476,2026-01-24 14:30:00,Bundesliga,1X2,Draw,3.464,0.0795086135685372,0,-1.0
1388495,2026-02-06 19:30:00,Bundesliga,1X2,Draw,3.4480000000000004,0.039491122158946,1,2.4480000000000004
1388502,2026-02-14 14:30:00,Bundesliga,1X2,Draw,3.79,0.0235412846426754,0,-1.0
1388497,2026-02-15 14:30:00,Bundesliga,1X2,Draw,3.618,-0.0561144040352983,0,-1.0
1388511,2026-02-21 17:30:00,Bundesliga,1X2,Draw,3.790000000000001,0.0203530914891909,1,2.7900000000000005
1388523,2026-02-28 14:30:00,Bundesliga,1X2,Draw,3.794,-0.0826508786500321,0,-1.0
1388545,2026-03-21 14:30:00,Bundesliga,1X2,Draw,3.592,0.1112268528732101,1,2.592
1388555,2026-04-04 13:30:00,Bundesliga,1X2,Draw,3.41,0.0421025994092576,1,2.41
1388559,2026-04-04 13:30:00,Bundesliga,1X2,Draw,3.846000000000001,-0.0145492535740555,0,-1.0
1388557,2026-04-04 16:30:00,Bundesliga,1X2,Draw,3.896000000000001,0.0084906131430613,0,-1.0
1388553,2026-04-05 15:30:00,Bundesliga,1X2,Draw,3.4480000000000004,-0.0709755635923289,1,2.4480000000000004
1223745,2024-12-15 14:00:00,Serie A,1X2,Away,2.82,0.0120904765658116,0,-1.0
1223763,2024-12-21 14:00:00,Serie A,1X2,Away,2.5,-0.0149816845518436,1,1.5
1223842,2025-02-16 14:00:00,Serie A,1X2,Away,2.84,-0.0521112972937387,0,-1.0
1223676,2025-02-27 19:45:00,Serie A,1X2,Away,2.5,-0.0574085530605109,0,-1.0
1223880,2025-03-15 14:00:00,Serie A,1X2,Away,2.6,-0.0316801557637269,0,-1.0
1223896,2025-04-07 18:45:00,Serie A,1X2,Away,2.71,-0.0691452846350835,0,-1.0
1223920,2025-04-20 18:45:00,Serie A,1X2,Away,2.7,-0.0423927391117903,1,1.7000000000000002
1223949,2025-05-10 16:00:00,Serie A,1X2,Away,2.9,-0.1065377099456703,0,-1.0
1223964,2025-05-18 18:45:00,Serie A,1X2,Away,2.88,-0.0961328963960247,0,-1.0
1377890,2025-09-14 13:00:00,Serie A,1X2,Away,2.624,-0.0480665682403942,1,1.624
1377899,2025-09-19 18:45:00,Serie A,1X2,Away,2.8,-0.0375228737681387,1,1.7999999999999998
1377929,2025-10-18 13:00:00,Serie A,1X2,Away,2.6479999999999997,-0.1018915599686173,0,-1.0
1377931,2025-10-18 13:00:00,Serie A,1X2,Away,3.0859999999999994,-0.0953720391419035,0,-1.0
1377927,2025-10-20 18:45:00,Serie A,1X2,Away,2.5479999999999996,-0.0660747161025565,0,-1.0
1377944,2025-10-28 19:45:00,Serie A,1X2,Away,2.512,-0.0351004675489482,0,-1.0
1377946,2025-10-30 17:30:00,Serie A,1X2,Away,2.9199999999999995,-0.1098833165965451,1,1.9199999999999997
1377970,2025-11-08 14:00:00,Serie A,1X2,Away,2.964,-0.0855344710260314,0,-1.0
1377993,2025-11-30 19:45:00,Serie A,1X2,Away,3.164,-0.0442456237450872,1,2.164
1377997,2025-12-07 17:00:00,Serie A,1X2,Away,2.78,0.0007354487806581,0,-1.0
1377998,2025-12-07 19:45:00,Serie A,1X2,Away,3.11,0.0065748754671155,0,-1.0
1378044,2026-01-07 17:30:00,Serie A,1X2,Away,2.5700000000000003,-0.0026650647146261,1,1.5700000000000005
1378060,2026-01-11 11:30:00,Serie A,1X2,Away,2.9259999999999997,-0.027301119750218,1,1.9259999999999995
1378067,2026-01-19 19:45:00,Serie A,1X2,Away,2.898000000000001,-0.007169037870797,1,1.8980000000000008
1378091,2026-01-31 14:00:00,Serie A,1X2,Away,2.558,-0.0772535548110379,1,1.5579999999999998
1378129,2026-03-01 19:45:00,Serie A,1X2,Away,2.754,-0.0632908387692912,0,-1.0
1378149,2026-03-15 14:00:00,Serie A,1X2,Away,3.008,-0.0034423590469874,0,-1.0
1378170,2026-04-05 16:00:00,Serie A,1X2,Away,2.6819999999999995,-0.0061920393358121,1,1.6819999999999995
1378169,2026-04-06 18:45:00,Serie A,1X2,Away,2.9019999999999997,-0.0581873810583656,0,-1.0
1223749,2024-12-14 19:45:00,Serie A,1X2,Draw,5.34,0.0853176101487733,1,4.34
1223751,2024-12-15 11:30:00,Serie A,1X2,Draw,3.27,0.072049269105211,0,-1.0
1223752,2024-12-15 19:45:00,Serie A,1X2,Draw,5.04,0.2138298155350853,1,4.04
1223764,2024-12-22 14:00:00,Serie A,1X2,Draw,3.25,0.0999089821925856,0,-1.0
1223756,2024-12-23 17:30:00,Serie A,1X2,Draw,4.0,0.0614292447999529,0,-1.0
1223768,2024-12-28 14:00:00,Serie A,1X2,Draw,2.85,0.0085507786249126,0,-1.0
1223774,2024-12-29 11:30:00,Serie A,1X2,Draw,3.06,0.0616963585089418,1,2.06
1223767,2024-12-30 17:30:00,Serie A,1X2,Draw,3.6,0.1510540210010365,0,-1.0
1223778,2025-01-04 19:45:00,Serie A,1X2,Draw,3.08,0.0789987594070378,1,2.08
1223781,2025-01-05 11:30:00,Serie A,1X2,Draw,3.26,0.0611329227475891,0,-1.0
1223789,2025-01-11 19:45:00,Serie A,1X2,Draw,5.49,0.1227085148451689,1,4.49
1223775,2025-01-14 19:45:00,Serie A,1X2,Draw,3.46,0.0865586178053374,1,2.46
1223796,2025-01-18 14:00:00,Serie A,1X2,Draw,4.12,0.1552315312195606,0,-1.0
1223802,2025-01-18 17:00:00,Serie A,1X2,Draw,3.4,0.0827813626252398,0,-1.0
1223797,2025-01-19 14:00:00,Serie A,1X2,Draw,3.56,0.2191139518360121,0,-1.0
1223803,2025-01-19 14:00:00,Serie A,1X2,Draw,3.62,0.2466828565662053,1,2.62
1223798,2025-01-20 19:45:00,Serie A,1X2,Draw,3.35,0.0920359410995905,0,-1.0
1223810,2025-01-26 11:30:00,Serie A,1X2,Draw,5.8,0.1129695571990494,0,-1.0
1223814,2025-01-27 17:30:00,Serie A,1X2,Draw,3.3,0.1443681302605244,1,2.3
1223807,2025-01-27 19:45:00,Serie A,1X2,Draw,3.0,0.0607520583755436,0,-1.0
1223821,2025-02-01 14:00:00,Serie A,1X2,Draw,3.23,0.1018051012602325,0,-1.0
1223833,2025-02-08 19:45:00,Serie A,1X2,Draw,3.05,0.0768838152028266,1,2.05
1223829,2025-02-10 19:45:00,Serie A,1X2,Draw,4.4,0.125710984395619,0,-1.0
1223835,2025-02-15 14:00:00,Serie A,1X2,Draw,5.02,0.1092774713280761,1,4.02
1223844,2025-02-16 14:00:00,Serie A,1X2,Draw,3.73,0.2456999758858948,0,-1.0
1223842,2025-02-16 14:00:00,Serie A,1X2,Draw,3.33,0.1368234974958668,1,2.33
1223850,2025-02-21 19:45:00,Serie A,1X2,Draw,3.15,0.0654786854091356,0,-1.0
1223849,2025-02-22 19:45:00,Serie A,1X2,Draw,6.34,0.1219919159496076,0,-1.0
1223860,2025-03-02 19:45:00,Serie A,1X2,Draw,3.62,0.1246509386612946,0,-1.0
1223859,2025-03-03 19:45:00,Serie A,1X2,Draw,5.46,0.0882899103250931,0,-1.0
1223873,2025-03-09 14:00:00,Serie A,1X2,Draw,4.1,0.0482038495715844,0,-1.0
1223885,2025-03-30 10:30:00,Serie A,1X2,Draw,3.77,0.2360764012445335,0,-1.0
1223893,2025-03-30 18:45:00,Serie A,1X2,Draw,3.71,0.1927297238295695,0,-1.0
1223901,2025-04-05 13:00:00,Serie A,1X2,Draw,4.0,0.099878561366753,0,-1.0
1223900,2025-04-05 18:45:00,Serie A,1X2,Draw,3.79,0.0781834968947652,1,2.79
1223899,2025-04-06 10:30:00,Serie A,1X2,Draw,3.14,0.117766497451101,1,2.14
1223897,2025-04-06 13:00:00,Serie A,1X2,Draw,3.19,0.0733915120802071,1,2.19
1223914,2025-04-12 13:00:00,Serie A,1X2,Draw,3.75,0.2358097911301135,0,-1.0
1223905,2025-04-13 10:30:00,Serie A,1X2,Draw,3.56,0.139484524228187,0,-1.0
1223912,2025-04-14 18:45:00,Serie A,1X2,Draw,5.52,0.1421541080692605,0,-1.0
1223917,2025-04-20 13:00:00,Serie A,1X2,Draw,3.13,0.1303801382545075,1,2.13
1223920,2025-04-20 18:45:00,Serie A,1X2,Draw,3.56,0.1373327908461619,0,-1.0
1223926,2025-04-27 10:30:00,Serie A,1X2,Draw,3.79,0.11826789036509,0,-1.0
1223931,2025-04-28 18:45:00,Serie A,1X2,Draw,4.7,0.0746851964907908,1,3.7
1223936,2025-05-03 13:00:00,Serie A,1X2,Draw,3.29,0.0594267830017172,0,-1.0
1223941,2025-05-04 13:00:00,Serie A,1X2,Draw,6.0,0.1821000773574512,0,-1.0
1223950,2025-05-09 18:45:00,Serie A,1X2,Draw,3.2,0.0051128020378798,0,-1.0
1223949,2025-05-10 16:00:00,Serie A,1X2,Draw,3.0,-0.0053842392400844,1,2.0
1223947,2025-05-10 18:45:00,Serie A,1X2,Draw,3.3,0.0772576801607038,0,-1.0
1223945,2025-05-12 18:45:00,Serie A,1X2,Draw,3.3,0.0659645358846254,0,-1.0
1223962,2025-05-18 18:45:00,Serie A,1X2,Draw,3.7,0.1462718513798606,0,-1.0
1223964,2025-05-18 18:45:00,Serie A,1X2,Draw,3.55,0.1106672307908245,0,-1.0
1223959,2025-05-18 18:45:00,Serie A,1X2,Draw,4.15,0.1201946161208928,1,3.1500000000000004
1223967,2025-05-23 18:45:00,Serie A,1X2,Draw,4.0,0.0772706175887971,0,-1.0
1223966,2025-05-24 16:00:00,Serie A,1X2,Draw,4.6,0.0973895221979148,0,-1.0
1223972,2025-05-25 18:45:00,Serie A,1X2,Draw,4.3,0.0796320786713455,0,-1.0
1223968,2025-05-25 18:45:00,Serie A,1X2,Draw,3.3,0.1590929608996014,0,-1.0
1377871,2025-08-23 18:45:00,Serie A,1X2,Draw,3.2620000000000005,0.0150860099369458,0,-1.0
1377864,2025-08-24 18:45:00,Serie A,1X2,Draw,4.85,0.1620285343392633,1,3.85
1377873,2025-08-25 16:30:00,Serie A,1X2,Draw,3.2980000000000005,0.0994809098976878,1,2.2980000000000005
1377868,2025-08-25 18:45:00,Serie A,1X2,Draw,4.618,0.1334652934940052,0,-1.0
1377875,2025-08-29 16:30:00,Serie A,1X2,Draw,3.4299999999999997,0.1460491752449078,0,-1.0
1377877,2025-08-31 18:45:00,Serie A,1X2,Draw,4.938,0.1149357048562014,0,-1.0
1377885,2025-09-13 13:00:00,Serie A,1X2,Draw,3.2,0.0854629535373772,0,-1.0
1377890,2025-09-14 13:00:00,Serie A,1X2,Draw,3.104,0.0611295333374564,0,-1.0
1377893,2025-09-15 16:30:00,Serie A,1X2,Draw,3.2619999999999996,0.1138270314961562,1,2.2619999999999996
1377899,2025-09-19 18:45:00,Serie A,1X2,Draw,3.052,0.0327329323458733,0,-1.0
1377898,2025-09-21 10:30:00,Serie A,1X2,Draw,3.26,0.068196071960678,0,-1.0
1377895,2025-09-21 13:00:00,Serie A,1X2,Draw,3.146,0.0539279314261667,1,2.146
1377907,2025-09-27 16:00:00,Serie A,1X2,Draw,3.5660000000000003,0.0679102786008958,1,2.5660000000000003
1377923,2025-10-03 18:45:00,Serie A,1X2,Draw,3.3,0.0965692507024671,0,-1.0
1377921,2025-10-04 13:00:00,Serie A,1X2,Draw,3.594,0.2076720500667883,0,-1.0
1377922,2025-10-05 10:30:00,Serie A,1X2,Draw,3.2039999999999997,0.1060066325826452,1,2.2039999999999997
1377929,2025-10-18 13:00:00,Serie A,1X2,Draw,3.198,0.0898451523659527,1,2.198
1377931,2025-10-18 13:00:00,Serie A,1X2,Draw,3.3299999999999996,0.1971569307434597,1,2.3299999999999996
1377930,2025-10-19 18:45:00,Serie A,1X2,Draw,4.1579999999999995,0.0750889496071192,0,-1.0
1377927,2025-10-20 18:45:00,Serie A,1X2,Draw,3.264,0.0788211599449293,1,2.264
1377942,2025-10-25 13:00:00,Serie A,1X2,Draw,3.588,0.1798435911597082,0,-1.0
1377943,2025-10-26 14:00:00,Serie A,1X2,Draw,3.2299999999999995,0.1499019402301999,1,2.2299999999999995
1377944,2025-10-28 19:45:00,Serie A,1X2,Draw,3.3979999999999997,0.0878925268447552,1,2.3979999999999997
1377948,2025-10-29 19:45:00,Serie A,1X2,Draw,3.4200000000000004,0.1218320322115784,0,-1.0
1377946,2025-10-30 17:30:00,Serie A,1X2,Draw,3.214,0.0787182399629327,0,-1.0
1377957,2025-11-02 19:45:00,Serie A,1X2,Draw,3.272,0.0248941049975754,0,-1.0
1377960,2025-11-03 17:30:00,Serie A,1X2,Draw,3.036,0.0703933251599682,0,-1.0
1377972,2025-11-07 19:45:00,Serie A,1X2,Draw,3.06,0.0691982713218615,0,-1.0
1377966,2025-11-08 14:00:00,Serie A,1X2,Draw,4.369999999999999,0.0993725355496912,1,3.369999999999999
1377970,2025-11-08 14:00:00,Serie A,1X2,Draw,2.862,0.0352819453068165,1,1.862
1377964,2025-11-09 11:30:00,Serie A,1X2,Draw,4.531999999999999,0.1388055234383247,0,-1.0
1377974,2025-11-22 14:00:00,Serie A,1X2,Draw,2.996,0.0467065552647962,1,1.996
1377983,2025-11-23 11:30:00,Serie A,1X2,Draw,3.0759999999999996,0.0308552373595472,0,-1.0
1377981,2025-11-24 17:30:00,Serie A,1X2,Draw,3.264,0.0466059190268157,0,-1.0
1377980,2025-11-24 19:45:00,Serie A,1X2,Draw,3.3339999999999996,0.1671908251950629,1,2.3339999999999996
1377987,2025-11-29 14:00:00,Serie A,1X2,Draw,2.982,0.0547375349369296,0,-1.0
1377996,2025-12-06 17:00:00,Serie A,1X2,Draw,4.1659999999999995,0.0428122083242283,0,-1.0
1377995,2025-12-07 11:30:00,Serie A,1X2,Draw,2.998,0.0818026682947805,0,-1.0
1378008,2025-12-12 19:45:00,Serie A,1X2,Draw,2.988,0.0457512399049231,0,-1.0
1378012,2025-12-13 14:00:00,Serie A,1X2,Draw,3.274,0.1669984780431701,0,-1.0
1378005,2025-12-14 19:45:00,Serie A,1X2,Draw,3.1719999999999997,0.0445955184085895,0,-1.0
1378014,2025-12-21 11:30:00,Serie A,1X2,Draw,3.192,0.0921425348595224,1,2.192
1378022,2025-12-21 14:00:00,Serie A,1X2,Draw,3.118,0.0913942908918796,0,-1.0
1378016,2025-12-21 17:00:00,Serie A,1X2,Draw,3.4299999999999997,0.1944282115498203,0,-1.0
1378038,2026-01-03 14:00:00,Serie A,1X2,Draw,3.2340000000000004,0.1263962026291791,1,2.2340000000000004
1378042,2026-01-03 14:00:00,Serie A,1X2,Draw,3.3840000000000003,0.1534737866507982,1,2.3840000000000003
1378034,2026-01-03 19:45:00,Serie A,1X2,Draw,3.244,0.022041716038393,0,-1.0
1378044,2026-01-07 17:30:00,Serie A,1X2,Draw,3.492,0.0703472249366488,0,-1.0
1378053,2026-01-07 19:45:00,Serie A,1X2,Draw,3.0999999999999996,0.0634576367864725,0,-1.0
1378045,2026-01-08 17:30:00,Serie A,1X2,Draw,3.214,0.1648610278464621,1,2.214
1378055,2026-01-10 14:00:00,Serie A,1X2,Draw,3.3,0.0631308477740355,1,2.3
1378062,2026-01-10 14:00:00,Serie A,1X2,Draw,3.342,0.0741871222935472,1,2.342
1378060,2026-01-11 11:30:00,Serie A,1X2,Draw,2.976,0.0523782861757449,0,-1.0
1378057,2026-01-12 17:30:00,Serie A,1X2,Draw,3.0,0.0295614566454229,0,-1.0
1378070,2026-01-18 11:30:00,Serie A,1X2,Draw,2.868,0.0107939355277484,1,1.868
1378066,2026-01-19 17:30:00,Serie A,1X2,Draw,2.994,0.0694737943579906,1,1.994
1378082,2026-01-25 11:30:00,Serie A,1X2,Draw,3.3440000000000003,0.089083601628449,0,-1.0
1378074,2026-01-25 14:00:00,Serie A,1X2,Draw,4.426,0.0926730595623195,0,-1.0
1378091,2026-01-31 14:00:00,Serie A,1X2,Draw,3.1,0.0329116946807177,0,-1.0
1378085,2026-01-31 19:45:00,Serie A,1X2,Draw,2.8939999999999997,0.0543084440905383,0,-1.0
1378086,2026-02-01 14:00:00,Serie A,1X2,Draw,3.446,0.1039660878137971,1,2.446
1378103,2026-02-06 19:45:00,Serie A,1X2,Draw,3.0420000000000003,0.0528398634042965,1,2.0420000000000003
1378096,2026-02-07 19:45:00,Serie A,1X2,Draw,3.522,0.126379144376397,1,2.522
1378094,2026-02-09 17:30:00,Serie A,1X2,Draw,4.792,0.1347030320819218,0,-1.0
1378108,2026-02-14 17:00:00,Serie A,1X2,Draw,3.2159999999999997,0.0272313627757587,0,-1.0
1378106,2026-02-15 14:00:00,Serie A,1X2,Draw,2.994,0.0773942575516746,1,1.994
1378104,2026-02-16 19:45:00,Serie A,1X2,Draw,3.0639999999999996,0.0647290566792193,0,-1.0
1378118,2026-02-22 11:30:00,Serie A,1X2,Draw,2.956,0.0622546975382736,0,-1.0
1378121,2026-02-22 17:00:00,Serie A,1X2,Draw,4.824,0.1515782425988328,0,-1.0
1378124,2026-02-28 14:00:00,Serie A,1X2,Draw,4.378,0.0844011963968693,0,-1.0
1378141,2026-03-08 11:30:00,Serie A,1X2,Draw,2.9840000000000004,0.0467651660143402,0,-1.0
1378135,2026-03-08 14:00:00,Serie A,1X2,Draw,4.04,0.1181893475655933,0,-1.0
1378146,2026-03-14 14:00:00,Serie A,1X2,Draw,4.436,0.1463141289944214,1,3.436
1378149,2026-03-15 14:00:00,Serie A,1X2,Draw,2.994,0.0188738825282182,0,-1.0
1378144,2026-03-15 17:00:00,Serie A,1X2,Draw,3.336,0.0374619473136697,0,-1.0
1378157,2026-03-22 11:30:00,Serie A,1X2,Draw,5.308,0.0658630494709253,0,-1.0
1378163,2026-03-22 17:00:00,Serie A,1X2,Draw,4.578,0.100407102189828,0,-1.0
1378171,2026-04-04 13:00:00,Serie A,1X2,Draw,3.1380000000000003,0.0521776562502451,0,-1.0
1378182,2026-04-10 18:45:00,Serie A,1X2,Draw,4.758000000000001,0.1623466562276168,0,-1.0
1378176,2026-04-11 13:00:00,Serie A,1X2,Draw,3.0740000000000003,0.0387466564329008,0,-1.0
1378174,2026-04-11 18:45:00,Serie A,1X2,Draw,3.534,0.0474902417917919,0,-1.0
1378179,2026-04-12 10:30:00,Serie A,1X2,Draw,3.286,0.0902574748356672,0,-1.0
1378191,2026-04-17 16:30:00,Serie A,1X2,Draw,4.008,0.0620265343427388,0,-1.0
1378192,2026-04-18 13:00:00,Serie A,1X2,Draw,3.028,0.0555604775101474,0,-1.0
1378190,2026-04-18 18:45:00,Serie A,1X2,Draw,3.368,0.0355980402203297,1,2.368
1223832,2025-02-09 19:45:00,Serie A,1X2,Home,1.48,0.0796295983996566,0,-1.0
1223852,2025-02-24 19:45:00,Serie A,1X2,Home,1.3,0.0072460064341777,1,0.3
1223889,2025-03-30 16:00:00,Serie A,1X2,Home,1.43,0.0717516472069754,1,0.4299999999999999
1223909,2025-04-12 16:00:00,Serie A,1X2,Home,1.36,0.05739346444386,1,0.3600000000000001
1223923,2025-04-19 18:45:00,Serie A,1X2,Home,1.45,0.0599455916577986,1,0.4499999999999999
1377884,2025-09-14 13:00:00,Serie A,1X2,Home,1.486,0.048181747854832,1,0.486
1377949,2025-10-29 19:45:00,Serie A,1X2,Home,1.368,0.040365219028684,1,0.3679999999999999
1377968,2025-11-09 19:45:00,Serie A,1X2,Home,1.394,0.0496870252859678,1,0.3940000000000001
1378028,2025-12-28 11:30:00,Serie A,1X2,Home,1.402,0.0485678233593884,1,0.4019999999999999
1378126,2026-02-28 19:45:00,Serie A,1X2,Home,1.3,0.0309925862080282,1,0.3
1378134,2026-03-07 17:00:00,Serie A,1X2,Home,1.522,0.0581728936593923,0,-1.0
1378160,2026-03-21 19:45:00,Serie A,1X2,Home,1.352,0.0587922267553708,0,-1.0
1378154,2026-03-22 14:00:00,Serie A,1X2,Home,1.414,0.0218077290055254,1,0.4140000000000001
1378166,2026-04-06 16:00:00,Serie A,1X2,Home,1.402,0.041498141511681,1,0.4020000000000001
1378180,2026-04-11 16:00:00,Serie A,1X2,Home,1.3800000000000003,0.0212223338449113,0,-1.0
1208648,2024-12-21 15:15:00,La Liga,1X2,Draw,3.23,-0.071564179526683,0,-1.0
1208699,2025-02-08 13:00:00,La Liga,1X2,Draw,3.45,-0.0815306913759621,0,-1.0
1208706,2025-02-16 15:15:00,La Liga,1X2,Draw,3.3,0.0214218763987343,0,-1.0
1208712,2025-02-22 15:15:00,La Liga,1X2,Draw,3.71,-0.0117169495671943,0,-1.0
1208713,2025-02-22 17:30:00,La Liga,1X2,Draw,3.62,0.0849076948580129,0,-1.0
1208726,2025-02-28 20:00:00,La Liga,1X2,Draw,3.29,0.0517754046243805,1,2.29
1208734,2025-03-08 15:15:00,La Liga,1X2,Draw,3.25,-0.00731686955641,0,-1.0
1208744,2025-03-15 17:30:00,La Liga,1X2,Draw,3.8,-0.0052013668855115,0,-1.0
1208741,2025-03-16 13:00:00,La Liga,1X2,Draw,3.5,0.1081078515654749,0,-1.0
1208750,2025-03-30 12:00:00,La Liga,1X2,Draw,3.21,-0.0274812151601772,0,-1.0
1208757,2025-04-06 12:00:00,La Liga,1X2,Draw,3.27,0.0833279994196389,0,-1.0
1208760,2025-04-06 14:15:00,La Liga,1X2,Draw,3.42,0.0990254286717389,0,-1.0
1208762,2025-04-06 16:30:00,La Liga,1X2,Draw,3.2,0.0847755797664924,0,-1.0
1208777,2025-04-21 19:00:00,La Liga,1X2,Draw,3.5,0.0642333441760407,0,-1.0
1208786,2025-04-23 17:00:00,La Liga,1X2,Draw,3.55,0.0660656082209028,0,-1.0
1208787,2025-04-23 19:30:00,La Liga,1X2,Draw,3.7,-0.0011402428061475,0,-1.0
1208792,2025-05-03 16:30:00,La Liga,1X2,Draw,3.48,0.0592616284523475,0,-1.0
1208804,2025-05-10 16:30:00,La Liga,1X2,Draw,3.65,0.0781339905856519,0,-1.0
1208812,2025-05-15 17:00:00,La Liga,1X2,Draw,3.24,-0.0715965963427255,1,2.24
1208832,2025-05-25 12:00:00,La Liga,1X2,Draw,3.86,0.1067763397690455,0,-1.0
1390822,2025-08-18 19:00:00,La Liga,1X2,Draw,3.306,-0.1069884685659917,1,2.306
1390829,2025-08-25 17:30:00,La Liga,1X2,Draw,3.5780000000000003,0.0094797578747405,0,-1.0
1390871,2025-08-27 19:00:00,La Liga,1X2,Draw,3.518,-0.0187690686072637,1,2.518
1390839,2025-08-30 15:00:00,La Liga,1X2,Draw,3.51,-0.0791531233205018,1,2.51
1390841,2025-08-31 15:00:00,La Liga,1X2,Draw,3.522,0.003231518329555,1,2.522
1390858,2025-09-12 19:00:00,La Liga,1X2,Draw,3.396,0.0206449976820675,1,2.396
1390864,2025-09-21 14:15:00,La Liga,1X2,Draw,3.4599999999999995,-0.1092682837702386,1,2.4599999999999995
1390878,2025-09-23 19:30:00,La Liga,1X2,Draw,3.438,-0.0074623111433107,0,-1.0
1390879,2025-09-27 14:15:00,La Liga,1X2,Draw,3.356666666666667,-0.0784207683367206,0,-1.0
1390892,2025-10-05 16:30:00,La Liga,1X2,Draw,3.468,-0.0363351085358375,0,-1.0
1390891,2025-10-05 19:00:00,La Liga,1X2,Draw,3.748,0.0210878922150514,1,2.748
1390911,2025-10-25 14:15:00,La Liga,1X2,Draw,3.3560000000000003,0.0050590380492874,0,-1.0
1390918,2025-10-25 19:00:00,La Liga,1X2,Draw,3.528,0.0819484041871116,0,-1.0
1390910,2025-10-27 20:00:00,La Liga,1X2,Draw,3.5200000000000005,0.0231605898196076,0,-1.0
1390924,2025-11-02 13:00:00,La Liga,1X2,Draw,3.4580000000000006,0.1050428243875032,0,-1.0
1390933,2025-11-08 20:00:00,La Liga,1X2,Draw,3.5260000000000007,0.0346290627982699,0,-1.0
1390938,2025-11-09 17:30:00,La Liga,1X2,Draw,3.376,-0.0640954360719072,1,2.376
1390946,2025-11-23 13:00:00,La Liga,1X2,Draw,3.3019999999999996,0.0779062720050725,1,2.3019999999999996
1390944,2025-11-23 17:30:00,La Liga,1X2,Draw,3.254,-0.0212332603274082,0,-1.0
1390954,2025-11-29 17:30:00,La Liga,1X2,Draw,3.436,0.078179229220709,0,-1.0
1390957,2025-11-30 13:00:00,La Liga,1X2,Draw,3.4579999999999997,0.0057046264211042,0,-1.0
1390958,2025-11-30 15:15:00,La Liga,1X2,Draw,3.37,-0.0525511516469342,0,-1.0
1390999,2025-12-03 18:00:00,La Liga,1X2,Draw,3.764,-0.0697160945493142,0,-1.0
1390960,2025-12-06 20:00:00,La Liga,1X2,Draw,3.3199999999999994,0.0115475797602628,0,-1.0
1390976,2025-12-15 20:00:00,La Liga,1X2,Draw,3.438,0.0210542495844099,1,2.438
1390986,2025-12-20 13:00:00,La Liga,1X2,Draw,3.4799999999999995,0.0688068288248868,1,2.4799999999999995
1390983,2025-12-20 15:15:00,La Liga,1X2,Draw,3.4219999999999997,0.061576007682665,1,2.4219999999999997
1390991,2026-01-03 17:30:00,La Liga,1X2,Draw,3.5480000000000005,0.111421784766905,0,-1.0
1390997,2026-01-04 20:00:00,La Liga,1X2,Draw,3.49,0.028507350145303,1,2.49
1391005,2026-01-10 13:00:00,La Liga,1X2,Draw,3.5199999999999996,0.1054783794416507,1,2.5199999999999996
1391003,2026-01-11 15:15:00,La Liga,1X2,Draw,3.354,0.0902177749370287,1,2.354
1391006,2026-01-12 20:00:00,La Liga,1X2,Draw,3.3340000000000005,-0.0843272877290211,0,-1.0
1391010,2026-01-17 20:00:00,La Liga,1X2,Draw,3.586,-0.0005001262659218,0,-1.0
1391036,2026-01-31 15:15:00,La Liga,1X2,Draw,3.4559999999999995,0.0289241078787836,1,2.4559999999999995
1391055,2026-02-15 15:15:00,La Liga,1X2,Draw,3.822,0.0888275566565373,0,-1.0
1391053,2026-02-15 17:30:00,La Liga,1X2,Draw,3.442,0.0385202800657622,0,-1.0
1391054,2026-02-15 20:00:00,La Liga,1X2,Draw,3.2339999999999995,0.0208080965635149,0,-1.0
1391074,2026-02-28 17:30:00,La Liga,1X2,Draw,3.3280000000000003,-0.0129779841617604,0,-1.0
1391084,2026-03-07 15:15:00,La Liga,1X2,Draw,3.3240000000000003,0.0037172743763114,1,2.3240000000000003
1391089,2026-03-13 20:00:00,La Liga,1X2,Draw,3.4579999999999997,0.0931798236671501,1,2.4579999999999997
1391093,2026-03-14 13:00:00,La Liga,1X2,Draw,3.332,-0.0924372678625304,0,-1.0
1391108,2026-03-20 20:00:00,La Liga,1X2,Draw,3.806,-0.0132134306399447,0,-1.0
1391110,2026-04-04 19:00:00,La Liga,1X2,Draw,3.658,-0.0224811546514769,0,-1.0
1391113,2026-04-06 19:00:00,La Liga,1X2,Draw,3.35,0.0507444044112901,0,-1.0
1391122,2026-04-11 14:15:00,La Liga,1X2,Draw,3.276,0.020481106703559,0,-1.0
1391128,2026-04-11 19:00:00,La Liga,1X2,Draw,3.5160000000000005,0.0505072026287205,0,-1.0
1391125,2026-04-12 12:00:00,La Liga,1X2,Draw,3.468,0.0287495215875039,1,2.468
1391119,2026-04-12 19:00:00,La Liga,1X2,Draw,3.5660000000000003,-0.0053568036697364,0,-1.0
