date_utc,round,season,home_team,away_team,score,outcome,odds,p_model,p_market,edge,ev,draw_risk_score,won_flag,case_type,shock_reason,home_coach_name,away_coach_name,home_formation,away_formation,home_prev_coach,away_prev_coach,home_prev_formation,away_prev_formation
2025-09-13 16:30:00,Regular Season - 4,2025,West Ham,Tottenham,0:3,Home,3.75,0.4299638096723033,0.2531692760749341,0.1767945335973692,0.6123642862711376,0.4073804475851982,LOSS,context_shock,home:recent coach change; away:recent coach change; away:formation surprise;,Graham Stephen Potter,Thomas Frank,,,Graham Stephen Potter,Thomas Frank,4-2-3-1,4-3-3
2025-05-20 19:00:00,Regular Season - 37,2024,Crystal Palace,Wolves,4:2,Home,2.61,0.5326058155864708,0.370751200588902,0.1618546149975688,0.3901011786806887,0.3251658568307921,WIN,correct_call,,O. Glasner,Vítor Pereira,3-4-2-1,3-4-2-1,O. Glasner,Vítor Pereira,3-4-2-1,3-4-2-1
2025-12-26 20:00:00,Regular Season - 18,2025,Manchester United,Newcastle,1:0,Home,2.106,0.6586699734954029,0.450368293725747,0.2083016797696558,0.3871589641813184,0.3892963384719514,WIN,correct_call,home:recent coach change; home:formation surprise; away:recent coach change;,Ruben Amorim,Eddie Howe,4-2-3-1,4-3-3,Ruben Amorim,Eddie Howe,3-4-2-1,4-3-3
2025-04-21 19:00:00,Regular Season - 33,2024,Tottenham,Nottingham Forest,1:2,Home,2.64,0.5192021883586173,0.3693069306930693,0.149895257665548,0.3706937772667498,0.4121115502998075,LOSS,clean_model_error,,A. Postecoglou,Nuno Espírito Santo,4-3-3,4-2-2-2,A. Postecoglou,Nuno Espírito Santo,4-3-3,4-2-3-1
2025-03-09 14:00:00,Regular Season - 28,2024,Tottenham,Bournemouth,2:2,Home,2.75,0.493551938863205,0.3461313584096667,0.1474205804535382,0.3572678318738136,0.4086298722734396,LOSS,clean_model_error,,A. Postecoglou,Andoni Iraola,4-3-3,4-2-3-1,A. Postecoglou,Andoni Iraola,4-3-3,4-2-3-1
2026-01-25 14:00:00,Regular Season - 23,2025,Crystal Palace,Chelsea,1:3,Home,3.418,0.3962623453224771,0.2772218777762767,0.1190404675462004,0.354424696312227,0.306806648938611,LOSS,context_shock,away:recent coach change;,Oliver Glasner,Liam Rosenior,3-4-2-1,4-2-3-1,Oliver Glasner,Liam Rosenior,3-4-2-1,4-2-3-1
2025-11-29 17:30:00,Regular Season - 13,2025,Everton,Newcastle,1:4,Home,2.874,0.4695957443581836,0.3303561385935482,0.1392396057646353,0.3496181692854196,0.4155262595248751,LOSS,clean_model_error,,David William Moyes,Edward John Frank Howe,4-2-3-1,4-3-3,David William Moyes,Edward John Frank Howe,4-2-3-1,4-5-1
2026-04-12 13:00:00,Regular Season - 32,2025,Sunderland,Tottenham,1:0,Home,2.668,0.505377915412958,0.3557128951919349,0.149665020221023,0.3483482783217719,0.3141883189578856,WIN,correct_call,away:recent coach change;,Regis Le Bris,Roberto De Zerbi,4-2-3-1,4-2-3-1,Regis Le Bris,Igor Tudor,4-1-4-1,4-4-2
2025-10-18 14:00:00,Regular Season - 8,2025,Brighton,Newcastle,2:1,Home,2.486,0.5418637929549457,0.3800398011455097,0.1618239918094359,0.3470733892859949,0.4057734416826776,WIN,correct_call,,Fabian Marc Hürzeler,Edward John Frank Howe,4-2-3-1,4-3-3,Fabian Marc Hürzeler,Edward John Frank Howe,4-2-3-1,4-3-3
2025-04-19 16:30:00,Regular Season - 33,2024,Aston Villa,Newcastle,4:1,Home,2.35,0.5724608396059832,0.3973745802381195,0.1750862593678636,0.3452829730740605,0.4118294743494271,WIN,correct_call,,Unai Emery,E. Howe,4-2-3-1,4-3-3,Unai Emery,E. Howe,4-2-3-1,4-3-3
2025-05-03 16:30:00,Regular Season - 35,2024,Arsenal,Bournemouth,1:2,Home,2.07,0.6496334206528785,0.4675236447397752,0.1821097759131033,0.3447411807514584,0.3030757129762421,LOSS,clean_model_error,,Mikel Arteta,Andoni Iraola,4-3-3,4-2-3-1,Mikel Arteta,Andoni Iraola,4-3-3,4-2-3-1
2025-05-11 13:15:00,Regular Season - 36,2024,Tottenham,Crystal Palace,0:2,Home,2.62,0.5095187549109117,0.3548667439165701,0.1546520109943415,0.3349391378665887,0.4118762869629284,LOSS,clean_model_error,,A. Postecoglou,O. Glasner,4-3-3,3-4-2-1,A. Postecoglou,O. Glasner,4-3-3,3-4-2-1
2025-04-05 16:30:00,Regular Season - 31,2024,Aston Villa,Nottingham Forest,2:1,Home,2.03,0.6571950924202015,0.4801536491677337,0.1770414432524678,0.3341060376130089,0.401703253096122,WIN,correct_call,away:formation surprise;,Unai Emery,Nuno Espírito Santo,4-2-3-1,3-4-1-2,Unai Emery,Nuno Espírito Santo,4-2-3-1,4-2-3-1
2025-08-16 14:00:00,Regular Season - 1,2025,Sunderland,West Ham,3:0,Home,3.1659999999999995,0.4183005015103644,0.2996221675735788,0.1186783339367856,0.3243393877818135,0.4224010566919447,WIN,correct_call,away:recent coach change;,Régis Le Bris,Graham Stephen Potter,4-3-3,3-4-1-2,,G. Potter,,3-1-4-2
2025-09-20 14:00:00,Regular Season - 5,2025,Brighton,Tottenham,2:2,Home,2.232,0.5920638849380807,0.4248851917848619,0.1671786931532188,0.3214865911817963,0.3019564049855717,LOSS,clean_model_error,,Fabian Marc Hürzeler,Thomas Frank,4-2-3-1,4-3-3,Fabian Marc Hürzeler,Thomas Frank,,
2025-01-06 20:00:00,Regular Season - 20,2024,Wolves,Nottingham Forest,0:3,Home,3.28,0.4003263042309597,0.284995551241608,0.1153307529893516,0.3130702778775478,0.3287053449299225,LOSS,context_shock,home:recent coach change;,Vítor Pereira,Nuno Espírito Santo,3-4-2-1,4-2-3-1,Vítor Pereira,Nuno Espírito Santo,3-4-2-1,4-2-3-1
2026-04-12 13:00:00,Regular Season - 32,2025,Crystal Palace,Newcastle,2:1,Home,2.76,0.4757465145627025,0.3424876983078923,0.1332588162548101,0.3130603801930589,0.4167766875154236,WIN,correct_call,home:formation surprise;,Oliver Glasner,Eddie Howe,3-4-3,4-5-1,Oliver Glasner,Eddie Howe,3-4-2-1,4-2-3-1
2025-01-18 15:00:00,Regular Season - 22,2024,West Ham,Crystal Palace,0:2,Home,2.61,0.4967224645067957,0.3578852236782648,0.1388372408285308,0.2964456323627367,0.417514901477078,LOSS,context_shock,home:recent coach change; home:formation surprise;,G. Potter,O. Glasner,3-4-2-1,3-4-2-1,G. Potter,O. Glasner,4-2-3-1,3-4-2-1
2026-01-07 20:15:00,Regular Season - 21,2025,Newcastle,Leeds,4:3,Home,1.706,0.758693916454225,0.5594831214402819,0.1992107950139431,0.2943318214709078,0.2742094680007653,WIN,correct_call,home:recent coach change; away:recent coach change; away:formation surprise;,,,4-3-3,3-1-4-2,Eddie Howe,Daniel Farke,4-3-3,3-5-2
2025-05-18 13:15:00,Regular Season - 37,2024,West Ham,Nottingham Forest,1:2,Home,2.83,0.45641445816784,0.3420157761778939,0.114398681989946,0.2916529166149872,0.3225589302796023,LOSS,context_shock,away:formation surprise;,G. Potter,Nuno Espírito Santo,3-4-1-2,4-3-1-2,G. Potter,Nuno Espírito Santo,3-4-1-2,4-2-3-1
2026-03-04 19:30:00,Regular Season - 29,2025,Fulham,West Ham,0:1,Home,2.024,0.6378159673282802,0.4694961996367794,0.1683197676915007,0.290939517872439,0.2901362500602968,LOSS,clean_model_error,,Marco Silva,Nuno Espirito Santo,4-2-3-1,4-4-2,Marco Silva,Nuno Espirito Santo,4-2-3-1,4-5-1
2025-12-07 16:30:00,Regular Season - 15,2025,Fulham,Crystal Palace,1:2,Home,2.612,0.4941727936640633,0.3638216698909582,0.1303511237731051,0.2907793370505334,0.3263655230276164,LOSS,clean_model_error,,Marco Alexandre Saraiva da Silva,Oliver Glasner,4-2-3-1,3-4-2-1,Marco Alexandre Saraiva da Silva,Oliver Glasner,4-2-3-1,3-4-2-1
2025-12-28 14:00:00,Regular Season - 18,2025,Sunderland,Leeds,1:1,Home,2.5439999999999996,0.5025377151580729,0.3724159414364426,0.1301217737216302,0.2784559473621373,0.3147256380683715,LOSS,context_shock,home:recent coach change;,Regis Le Bris,Daniel Farke,4-2-3-1,3-5-2,Regis Le Bris,Daniel Farke,4-2-3-1,3-5-2
2025-03-08 20:00:00,Regular Season - 28,2024,Wolves,Everton,1:1,Home,2.6,0.4903176934371525,0.3618968386023294,0.128420854834823,0.2748260029365965,0.3354022095598961,LOSS,clean_model_error,,Vítor Pereira,D. Moyes,3-4-2-1,4-2-3-1,Vítor Pereira,D. Moyes,3-4-2-1,4-2-3-1
2025-02-22 15:00:00,Regular Season - 26,2024,Fulham,Crystal Palace,0:2,Home,2.0,0.6354419309119892,0.472913616398243,0.1625283145137461,0.2708838618239784,0.4111972299825676,LOSS,clean_model_error,,Marco Silva,O. Glasner,4-2-3-1,3-4-2-1,Marco Silva,O. Glasner,4-2-3-1,3-4-2-1
2026-01-04 15:00:00,Regular Season - 20,2025,Everton,Brentford,2:4,Home,2.416,0.5253000570835686,0.3969030339042796,0.1283970231792889,0.2691249379139018,0.4202765253497556,LOSS,context_shock,home:recent coach change;,Leighton Baines,Keith Andrews,4-2-3-1,4-2-3-1,Leighton Baines,Keith Andrews,4-2-3-1,4-3-3
2026-01-19 20:00:00,Regular Season - 22,2025,Brighton,Bournemouth,1:1,Home,1.874,0.6765723934354825,0.506835505131989,0.1697368883034934,0.2678966652980943,0.3791495743197447,LOSS,context_shock,home:recent coach change; away:recent coach change;,Fabian Hurzeler,Andoni Iraola,4-2-3-1,4-2-3-1,Fabian Hurzeler,Andoni Iraola,4-2-3-1,4-2-3-1
2025-04-05 14:00:00,Regular Season - 31,2024,Crystal Palace,Brighton,2:1,Home,2.4,0.5281188268956711,0.3898538601584412,0.1382649667372299,0.2674851845496107,0.4107316664358628,WIN,correct_call,,O. Glasner,F. Hürzeler,3-4-2-1,4-2-3-1,O. Glasner,F. Hürzeler,3-4-2-1,4-2-3-1
2025-02-23 14:00:00,Regular Season - 26,2024,Newcastle,Nottingham Forest,4:3,Home,1.83,0.6913620510860484,0.5157087602632829,0.1756532908227654,0.2651925534874686,0.3852671864556399,WIN,correct_call,,E. Howe,Nuno Espírito Santo,4-3-3,4-2-3-1,E. Howe,Nuno Espírito Santo,4-3-3,3-5-2
2025-02-02 14:00:00,Regular Season - 24,2024,Manchester United,Crystal Palace,0:2,Home,1.99,0.634708662692019,0.4897163310005876,0.1449923316914313,0.2630702387571177,0.4072268438506163,LOSS,context_shock,home:formation surprise;,Ruben Amorim,O. Glasner,3-4-3,3-4-2-1,Ruben Amorim,O. Glasner,3-4-2-1,3-4-2-1
