fixture_id,date_utc,league,match,actual_idx,actual_outcome,v55_pred_idx,v55_pred,v55_conf,market_pred_idx,market_pred,market_conf,v55_correct,market_correct,v53_pred,window,market_beats_v55,v55_beats_market
1387797,2025-11-09 16:15:00+00:00,Ligue 1,Angers - Auxerre,2,Home,1,Draw,0.4981622595632001,2,Home,0.36283741368487127,0,1,Draw,2025-10-21__2025-11-20,1,0
1388612,2026-05-16 13:30:00+00:00,Bundesliga,Union Berlin - FC Augsburg,2,Home,0,Away,0.4534084625627176,2,Home,0.4000023416852718,0,1,Away,2026-04-19__2026-05-19,1,0
1390935,2025-11-09 17:30:00+00:00,La Liga,Mallorca - Getafe,2,Home,0,Away,0.43413253408186975,2,Home,0.3790013283495882,0,1,Away,2025-10-21__2025-11-20,1,0
1391083,2026-03-08 15:15:00+00:00,La Liga,Getafe - Real Betis,2,Home,0,Away,0.4256555054166477,2,Home,0.346726971532768,0,1,Away,2026-02-18__2026-03-20,1,0
1391073,2026-02-27 20:00:00+00:00,La Liga,Levante - Alaves,2,Home,0,Away,0.4252750772370629,2,Home,0.3546315922347459,0,1,Away,2026-02-18__2026-03-20,1,0
1388517,2026-02-28 14:30:00+00:00,Bundesliga,Borussia Mönchengladbach - Union Berlin,2,Home,0,Away,0.4237907800174227,2,Home,0.37785491760721485,0,1,Away,2026-02-18__2026-03-20,1,0
1391038,2026-01-31 13:00:00+00:00,La Liga,Oviedo - Girona,2,Home,0,Away,0.4226145776101875,2,Home,0.3515723871759579,0,1,Away,2026-01-19__2026-02-18,1,0
1379168,2026-01-03 15:00:00+00:00,Premier League,Wolves - West Ham,2,Home,0,Away,0.4201221964305743,2,Home,0.38853033747433485,0,1,Away,2025-12-20__2026-01-19,1,0
1379307,2026-04-25 14:00:00+00:00,Premier League,West Ham - Everton,2,Home,0,Away,0.4175491777043212,2,Home,0.36704188573128216,0,1,Away,2026-04-19__2026-05-19,1,0
1391134,2026-04-26 16:30:00+00:00,La Liga,Osasuna - Sevilla,2,Home,1,Draw,0.41636403443235753,2,Home,0.4407018124637921,0,1,Home,2026-04-19__2026-05-19,1,0
1379256,2026-03-04 20:15:00+00:00,Premier League,Newcastle - Manchester United,2,Home,0,Away,0.41415573608543205,2,Home,0.38942596537222135,0,1,Home,2026-02-18__2026-03-20,1,0
1377989,2025-11-30 11:30:00+00:00,Serie A,Lecce - Torino,2,Home,0,Away,0.40729519470238457,2,Home,0.3466864111990532,0,1,Away,2025-11-20__2025-12-20,1,0
1391183,2026-05-17 17:00:00+00:00,La Liga,Levante - Mallorca,2,Home,1,Draw,0.4070711496736048,2,Home,0.42957099097436824,0,1,Home,2026-04-19__2026-05-19,1,0
1390934,2025-11-08 13:00:00+00:00,La Liga,Girona - Alaves,2,Home,0,Away,0.404158443646225,2,Home,0.3906015082619058,0,1,Away,2025-10-21__2025-11-20,1,0
1379301,2026-04-21 19:00:00+00:00,Premier League,Brighton - Chelsea,2,Home,0,Away,0.40349174529057624,2,Home,0.3856979662850687,0,1,Home,2026-04-19__2026-05-19,1,0
1391141,2026-04-22 17:00:00+00:00,La Liga,Elche - Atletico Madrid,2,Home,0,Away,0.4029603401161954,2,Home,0.37773090825723615,0,1,Home,2026-04-19__2026-05-19,1,0
1052601,2024-05-03 18:45:00+00:00,Serie A,Torino - Bologna,1,Draw,2,Home,0.3999655528699643,1,Draw,0.3395061728395061,0,1,Home,2024-04-29__2024-05-29,1,0
1390937,2025-11-08 15:15:00+00:00,La Liga,Sevilla - Osasuna,2,Home,1,Draw,0.39656130293956493,2,Home,0.4382889349377387,0,1,Home,2025-10-21__2025-11-20,1,0
1391023,2026-01-23 20:00:00+00:00,La Liga,Levante - Elche,2,Home,0,Away,0.39629545625640716,2,Home,0.36590858388449493,0,1,Away,2026-01-19__2026-02-18,1,0
1391129,2026-04-25 12:00:00+00:00,La Liga,Alaves - Mallorca,2,Home,1,Draw,0.3950314588005833,2,Home,0.4450552768232569,0,1,Home,2026-04-19__2026-05-19,1,0
1377941,2025-10-26 11:30:00+00:00,Serie A,Torino - Genoa,2,Home,1,Draw,0.39498499350307664,2,Home,0.40973124976874403,0,1,Draw,2025-10-21__2025-11-20,1,0
1379126,2025-12-14 14:00:00+00:00,Premier League,Nottingham Forest - Tottenham,2,Home,0,Away,0.39424881879138596,2,Home,0.39766422418988,0,1,Home,2025-11-20__2025-12-20,1,0
1390962,2025-12-07 13:00:00+00:00,La Liga,Elche - Girona,2,Home,1,Draw,0.3938072198642075,2,Home,0.4321821505528822,0,1,Draw,2025-11-20__2025-12-20,1,0
1391143,2026-04-23 17:00:00+00:00,La Liga,Levante - Sevilla,2,Home,1,Draw,0.3927795883867078,2,Home,0.372562222150112,0,1,Away,2026-04-19__2026-05-19,1,0
1377995,2025-12-07 11:30:00+00:00,Serie A,Cremonese - Lecce,2,Home,0,Away,0.3889105008262761,2,Home,0.3536704832786037,0,1,Away,2025-11-20__2025-12-20,1,0
1391156,2026-05-04 19:00:00+00:00,La Liga,Sevilla - Real Sociedad,2,Home,0,Away,0.38872956597917185,2,Home,0.3710541084038722,0,1,Away,2026-04-19__2026-05-19,1,0
1388398,2025-11-22 14:30:00+00:00,Bundesliga,FC Augsburg - Hamburger SV,2,Home,0,Away,0.38382879556261096,2,Home,0.4104857394776123,0,1,Home,2025-11-20__2025-12-20,1,0
1391124,2026-04-12 14:15:00+00:00,La Liga,Mallorca - Rayo Vallecano,2,Home,1,Draw,0.3833809478224257,2,Home,0.36605084536025784,0,1,Home,2026-03-20__2026-04-19,1,0
1390919,2025-11-02 15:15:00+00:00,La Liga,Alaves - Espanyol,2,Home,0,Away,0.3831692545961003,2,Home,0.3965844365652124,0,1,Home,2025-10-21__2025-11-20,1,0
1390972,2025-12-14 15:15:00+00:00,La Liga,Celta Vigo - Athletic Club,2,Home,0,Away,0.3826465995764775,2,Home,0.37957862545873755,0,1,Draw,2025-11-20__2025-12-20,1,0
1378131,2026-03-01 17:00:00+00:00,Serie A,Torino - Lazio,2,Home,0,Away,0.38052157684089716,2,Home,0.3445571015277892,0,1,Home,2026-02-18__2026-03-20,1,0
1388582,2026-04-25 13:30:00+00:00,Bundesliga,1. FC Heidenheim - FC St. Pauli,2,Home,0,Away,0.37861806155099564,2,Home,0.372846540183595,0,1,Away,2026-04-19__2026-05-19,1,0
1377972,2025-11-07 19:45:00+00:00,Serie A,Pisa - Cremonese,2,Home,1,Draw,0.3772622080992768,2,Home,0.4175028459251725,0,1,Away,2025-10-21__2025-11-20,1,0
1388424,2025-12-06 14:30:00+00:00,Bundesliga,VfL Wolfsburg - Union Berlin,2,Home,0,Away,0.37695182726023313,2,Home,0.42298270593633897,0,1,Home,2025-11-20__2025-12-20,1,0
1035529,2024-05-06 19:00:00+00:00,Premier League,Crystal Palace - Manchester United,2,Home,0,Away,0.3757794149997775,2,Home,0.4081632653061224,0,1,Home,2024-04-29__2024-05-29,1,0
1378005,2025-12-14 19:45:00+00:00,Serie A,Bologna - Juventus,0,Away,1,Draw,0.37500377790006023,0,Away,0.3597280698869249,0,1,Away,2025-11-20__2025-12-20,1,0
1388482,2026-01-30 19:30:00+00:00,Bundesliga,1. FC Köln - VfL Wolfsburg,2,Home,0,Away,0.37307395462649673,2,Home,0.4198762055201912,0,1,Home,2026-01-19__2026-02-18,1,0
1387827,2025-12-05 20:00:00+00:00,Ligue 1,Lille - Marseille,2,Home,1,Draw,0.371717733783271,2,Home,0.36283397424444497,0,1,Home,2025-11-20__2025-12-20,1,0
1388500,2026-02-14 14:30:00+00:00,Bundesliga,Eintracht Frankfurt - Borussia Mönchengladbach,2,Home,0,Away,0.36348854347307036,2,Home,0.479933522017006,0,1,Home,2026-01-19__2026-02-18,1,0
1388515,2026-02-27 19:30:00+00:00,Bundesliga,FC Augsburg - 1. FC Köln,2,Home,0,Away,0.3630277641905612,2,Home,0.40691222322041953,0,1,Home,2026-02-18__2026-03-20,1,0
1391002,2026-01-10 17:30:00+00:00,La Liga,Girona - Osasuna,2,Home,0,Away,0.36290625135291943,2,Home,0.3856609926695919,0,1,Away,2025-12-20__2026-01-19,1,0
1388465,2026-01-17 14:30:00+00:00,Bundesliga,1899 Hoffenheim - Bayer Leverkusen,2,Home,0,Away,0.36201597688932735,2,Home,0.3830991052202976,0,1,Home,2025-12-20__2026-01-19,1,0
1035543,2024-05-11 14:00:00+00:00,Premier League,Wolves - Crystal Palace,0,Away,2,Home,0.360785759621611,0,Away,0.3709263083664938,0,1,Away,2024-04-29__2024-05-29,1,0
1378176,2026-04-11 13:00:00+00:00,Serie A,Cagliari - Cremonese,2,Home,1,Draw,0.360374955054302,2,Home,0.41813147403082784,0,1,Home,2026-03-20__2026-04-19,1,0
1377938,2025-10-25 16:00:00+00:00,Serie A,Napoli - Inter,2,Home,1,Draw,0.3603727930506655,2,Home,0.3578591897330009,0,1,Draw,2025-10-21__2025-11-20,1,0
1388534,2026-03-13 19:30:00+00:00,Bundesliga,Borussia Mönchengladbach - FC St. Pauli,2,Home,1,Draw,0.3597183342549994,2,Home,0.4786310237611187,0,1,Home,2026-02-18__2026-03-20,1,0
1390981,2025-12-21 17:30:00+00:00,La Liga,Elche - Rayo Vallecano,2,Home,0,Away,0.3575904850843486,2,Home,0.38128450351507986,0,1,Away,2025-12-20__2026-01-19,1,0
1038282,2024-05-05 14:15:00+00:00,La Liga,Celta Vigo - Villarreal,2,Home,0,Away,0.35735348133118455,2,Home,0.40351031282479183,0,1,Home,2024-04-29__2024-05-29,1,0
1378110,2026-02-15 14:00:00+00:00,Serie A,Parma - Hellas Verona,2,Home,0,Away,0.3570952336320134,2,Home,0.3925035973717515,0,1,Home,2026-01-19__2026-02-18,1,0
1387833,2025-12-12 19:45:00+00:00,Ligue 1,Angers - Nantes,2,Home,1,Draw,0.3569324447807426,2,Home,0.40590021051806313,0,1,Draw,2025-11-20__2025-12-20,1,0
1378149,2026-03-15 14:00:00+00:00,Serie A,Pisa - Cagliari,2,Home,0,Away,0.3547344281417836,2,Home,0.3661082896041766,0,1,Away,2026-02-18__2026-03-20,1,0
1391035,2026-02-02 20:00:00+00:00,La Liga,Mallorca - Sevilla,2,Home,0,Away,0.3530705178661914,2,Home,0.3697951063099674,0,1,Home,2026-01-19__2026-02-18,1,0
1387817,2025-11-30 16:15:00+00:00,Ligue 1,Lorient - Nice,2,Home,1,Draw,0.35280126890957714,2,Home,0.3784292092164007,0,1,Away,2025-11-20__2025-12-20,1,0
1391087,2026-03-08 20:00:00+00:00,La Liga,Valencia - Alaves,2,Home,1,Draw,0.3521333117897299,2,Home,0.4349754913368428,0,1,Home,2026-02-18__2026-03-20,1,0
1387911,2026-03-01 14:00:00+00:00,Ligue 1,Paris FC - Nice,2,Home,0,Away,0.35203267800065113,2,Home,0.39716312056737585,0,1,Home,2026-02-18__2026-03-20,1,0
1388596,2026-05-09 13:30:00+00:00,Bundesliga,FC Augsburg - Borussia Mönchengladbach,2,Home,0,Away,0.3501563274955823,2,Home,0.4118174834795941,0,1,Away,2026-04-19__2026-05-19,1,0
1390963,2025-12-07 17:30:00+00:00,La Liga,Espanyol - Rayo Vallecano,2,Home,0,Away,0.3449708792833203,2,Home,0.4007325079072125,0,1,Away,2025-11-20__2025-12-20,1,0
1387987,2026-05-10 19:00:00+00:00,Ligue 1,Auxerre - Nice,2,Home,0,Away,0.34453350876318173,2,Home,0.39210434982223036,0,1,Away,2026-04-19__2026-05-19,1,0
1391163,2026-05-08 19:00:00+00:00,La Liga,Levante - Osasuna,2,Home,1,Draw,0.34359127737200107,2,Home,0.3602883103461566,0,1,Home,2026-04-19__2026-05-19,1,0
1387813,2025-11-22 18:00:00+00:00,Ligue 1,Rennes - Monaco,2,Home,0,Away,0.34294442551942006,2,Home,0.3813007972977674,0,1,Away,2025-11-20__2025-12-20,1,0
1378118,2026-02-22 11:30:00+00:00,Serie A,Genoa - Torino,2,Home,0,Away,0.34197860375157635,2,Home,0.4014806017368178,0,1,Home,2026-02-18__2026-03-20,1,0
1391094,2026-03-15 13:00:00+00:00,La Liga,Mallorca - Espanyol,2,Home,1,Draw,0.34063890970244715,2,Home,0.4083766734672044,0,1,Draw,2026-02-18__2026-03-20,1,0
