league,odds_bucket,edge_bucket,draw_risk_bucket,n,roi,profit,hit_rate,avg_ev,avg_edge,avg_odds,calibration_gap
78,4.00+,-0.02-0.02,<=0.22,8,3.9125,31.3,0.25,-0.057324182047190156,-0.000901976520194075,23.3625,-0.208235929977561
61,4.00+,-0.02-0.02,0.30-0.34,1,3.022,3.022,1.0,-0.0734794838082073,-0.0047066034719305,4.022,-0.7696368681770779
61,3.20-4.00,0.08-0.12,0.30-0.34,1,2.8019999999999996,2.8019999999999996,1.0,0.2668465810794054,0.0823233102535933,3.802,-0.6667946919833231
61,3.20-4.00,0.08-0.12,0.34+,1,2.76,2.76,1.0,0.3341085724959973,0.1034694920892032,3.76,-0.6451838902936178
78,3.20-4.00,0.12+,0.34+,1,2.75,2.75,1.0,0.4695262295218867,0.1396367630379625,3.75,-0.6081263387941636
140,3.20-4.00,0.12+,0.34+,1,2.6,2.6,1.0,0.4818568755534846,0.1513037500914077,3.6,-0.588373090124032
135,4.00+,0.02-0.05,0.26-0.30,2,2.585,5.17,0.5,0.13681304119724444,0.0267679989459004,6.739,-0.3308146849432311
78,3.20-4.00,0.02-0.05,0.26-0.30,1,2.398000000000001,2.398000000000001,1.0,0.0665901171819907,0.0357310073769272,3.398000000000001,-0.6861123845844642
78,2.40-3.20,0.12+,0.34+,4,1.8065,7.226,1.0,0.4353325469817666,0.1738542042736947,2.8064999999999998,-0.4856278828657852
78,2.40-3.20,0.02-0.05,0.26-0.30,1,1.6580000000000004,1.6580000000000004,1.0,0.0760250265000748,0.0491278743341216,2.6580000000000004,-0.5951749335966612
140,2.40-3.20,0.12+,0.30-0.34,1,1.592,1.592,1.0,0.3721456303105863,0.1605060059264298,2.592,-0.4706228278122738
61,4.00+,<-0.02,<=0.22,8,1.5099999999999998,12.079999999999998,0.25,-0.4320536038530059,-0.03250200536595975,12.33,-0.2004586506076822
135,2.00-2.40,-0.02-0.02,0.34+,1,1.2640000000000002,1.2640000000000002,1.0,-0.0295130837965424,0.0079855689247517,2.264,-0.5713397013235613
135,2.00-2.40,<-0.02,0.34+,2,1.236,2.472,1.0,-0.13426300480513395,-0.0359030847077529,2.2359999999999998,-0.6126569899230476
78,2.00-2.40,-0.02-0.02,0.34+,2,1.2140000000000002,2.4280000000000004,1.0,-0.055634298570082445,-0.0020759538437077505,2.2140000000000004,-0.5733313889183612
78,2.00-2.40,0.12+,0.26-0.30,4,1.2120000000000002,4.848000000000001,1.0,0.2872312512266017,0.1514087823732828,2.212,-0.4170568600800726
78,2.00-2.40,0.05-0.08,0.34+,1,1.2000000000000002,1.2000000000000002,1.0,0.0715537915039576,0.0548665153985631,2.2,-0.5129300947709283
39,2.00-2.40,0.08-0.12,0.26-0.30,1,1.152,1.152,1.0,0.1706554165362956,0.1056334279562352,2.152,-0.4560151410147325
140,2.00-2.40,0.05-0.08,0.34+,1,1.15,1.15,1.0,0.0900685506938689,0.063147334883877,2.15,-0.4929913717702935
39,4.00+,<-0.02,0.34+,21,1.118857142857143,23.496000000000002,0.47619047619047616,-0.26418454057284296,-0.048402267397763196,4.48447619047619,-0.31086955590736426
78,4.00+,-0.02-0.02,0.30-0.34,4,1.098,4.392,0.5,-0.051834498633207195,-0.004534587820339525,4.625,-0.2930303093005317
39,2.00-2.40,<-0.02,0.26-0.30,2,1.09,2.18,1.0,-0.1988109338527677,-0.06552599051862015,2.09,-0.6157562258141345
78,2.00-2.40,0.02-0.05,0.30-0.34,1,1.09,1.09,1.0,0.0560286155165528,0.0427873131339179,2.09,-0.4947231504705488
140,2.40-3.20,0.08-0.12,0.30-0.34,5,1.0856,5.428,0.8,0.23510757071598407,0.10492945611607285,2.6804,-0.33635346888588863
140,2.00-2.40,0.12+,0.26-0.30,1,1.0339999999999998,1.0339999999999998,1.0,0.255252863647267,0.1498493990110448,2.034,-0.3828648654634871
61,2.00-2.40,0.05-0.08,0.30-0.34,1,1.0,1.0,1.0,0.0968041184912693,0.0782328297159621,2.0,-0.4515979407543653
140,1.70-2.00,0.12+,0.26-0.30,1,0.9780000000000002,0.9780000000000002,1.0,0.1884181811053449,0.1233555614547334,1.978,-0.39918191046241414
78,1.70-2.00,-0.02-0.02,0.30-0.34,1,0.964,0.964,1.0,-0.0899282491813512,-0.0194840755408383,1.964,-0.536623344797022
39,1.70-2.00,0.08-0.12,0.30-0.34,1,0.96,0.96,1.0,0.1335542872457131,0.0805886578986337,1.96,-0.42165597589504433
135,4.00+,-0.02-0.02,0.26-0.30,6,0.9586666666666668,5.752000000000001,0.3333333333333333,-0.0623263268352247,-0.003923547648929617,5.761,-0.16603206315294455
61,1.70-2.00,0.02-0.05,0.34+,1,0.954,0.954,1.0,0.0188956546302165,0.0311796047985658,1.954,-0.47855903038371717
39,1.70-2.00,<-0.02,0.34+,2,0.947,1.894,1.0,-0.195568753639276,-0.07370263919292525,1.947,-0.5866574228733469
61,1.70-2.00,<-0.02,0.34+,1,0.94,0.94,1.0,-0.2862336242204384,-0.1205430977493773,1.94,-0.632079187742494
78,1.70-2.00,0.12+,0.26-0.30,2,0.9379999999999997,1.8759999999999994,1.0,0.224623013216768,0.14342398221632824,1.9379999999999997,-0.3680752957184209
61,3.20-4.00,0.02-0.05,0.30-0.34,2,0.9099999999999997,1.8199999999999994,0.5,0.10115520527702285,0.043526091678610504,3.527,-0.18552141037183778
140,1.70-2.00,<-0.02,0.34+,1,0.8999999999999999,0.8999999999999999,1.0,-0.0951348287223576,-0.041427846379998,1.9,-0.5237551730117672
39,2.40-3.20,<-0.02,0.26-0.30,3,0.8666666666666667,2.6,0.6666666666666666,-0.28755280028289837,-0.08009219534738034,2.872,-0.41745553208286856
61,1.70-2.00,<-0.02,0.26-0.30,1,0.8579999999999999,0.8579999999999999,1.0,-0.0982821139837484,-0.0246396558375932,1.858,-0.5146835920256988
78,3.20-4.00,0.08-0.12,0.34+,2,0.8500000000000001,1.7000000000000002,0.5,0.35335181353566547,0.1056778518693158,3.825,-0.1455947564830069
140,1.70-2.00,0.08-0.12,0.30-0.34,1,0.8320000000000001,0.8320000000000001,1.0,0.148000249585535,0.1093365600597557,1.832,-0.37336230917820146
140,3.20-4.00,<-0.02,0.26-0.30,4,0.815,3.26,0.5,-0.47645351542707093,-0.11503814032937168,3.6985,-0.35787050671262177
135,4.00+,0.02-0.05,0.34+,5,0.8036000000000001,4.018000000000001,0.4,0.1566963047357636,0.035985491368557096,4.9196,-0.16154322085397846
61,3.20-4.00,<-0.02,0.30-0.34,4,0.802,3.208,0.5,-0.23202127162923308,-0.049652565080026675,3.5309999999999997,-0.2809142419897598
140,3.20-4.00,-0.02-0.02,0.34+,14,0.8005714285714286,11.208,0.5,-0.06320743982447842,-0.005312305792262143,3.528857142857143,-0.2333319132825858
140,1.70-2.00,0.02-0.05,0.26-0.30,2,0.791,1.582,1.0,0.0266269033652314,0.04210273363896475,1.791,-0.4260820263967535
140,1.70-2.00,0.02-0.05,0.30-0.34,1,0.79,0.79,1.0,0.0377588916671141,0.0398249126885416,1.79,-0.4202464292362491
39,2.40-3.20,-0.02-0.02,0.34+,3,0.7846666666666667,2.354,0.6666666666666666,-0.05710139640995193,-0.0007192466298492666,2.618,-0.30581147685880816
135,1.70-2.00,0.02-0.05,0.26-0.30,4,0.76,3.04,1.0,0.043053276795397354,0.04133139254856117,1.76,-0.4070740100387318
140,1.70-2.00,-0.02-0.02,0.26-0.30,1,0.7599999999999998,0.7599999999999998,1.0,-0.0591169300152311,-0.0034476710562667,1.7599999999999998,-0.46540734659956307
78,2.40-3.20,0.05-0.08,0.30-0.34,3,0.75,2.25,0.6666666666666666,0.11235956088556663,0.053378108667833025,2.6833333333333336,-0.2510877388411198
135,1.70-2.00,-0.02-0.02,0.26-0.30,1,0.75,0.75,1.0,-0.0429882400193757,-0.0159235238826743,1.75,-0.453136137153929
135,1.70-2.00,<-0.02,0.26-0.30,1,0.74,0.74,1.0,-0.0916802625927103,-0.0440911939502425,1.74,-0.47797716240960364
140,1.70-2.00,<-0.02,0.26-0.30,2,0.738,1.476,1.0,-0.19641510719638117,-0.0943566078320417,1.738,-0.537409291450932
61,1.70-2.00,0.12+,0.26-0.30,1,0.702,0.702,1.0,0.2067345207501463,0.1508504484074152,1.702,-0.2909902933312889
61,1.55-1.70,0.08-0.12,0.26-0.30,1,0.69,0.69,1.0,0.1498708371677404,0.1193409044485608,1.69,-0.31960305493033114
135,1.55-1.70,<-0.02,0.34+,1,0.6799999999999999,0.6799999999999999,1.0,-0.2422691579924534,-0.1154889611261971,1.68,-0.54896973690027
78,1.55-1.70,0.05-0.08,0.26-0.30,1,0.6699999999999999,0.6699999999999999,1.0,0.0573851389416375,0.067787386900434,1.67,-0.366835246142732
61,1.55-1.70,0.05-0.08,0.26-0.30,1,0.6579999999999999,0.6579999999999999,1.0,0.0710469965808382,0.0708760180187689,1.658,-0.35401266792470554
61,1.55-1.70,0.02-0.05,0.26-0.30,2,0.6399999999999998,1.2799999999999996,1.0,0.0048792502824039005,0.03544014104435795,1.64,-0.387327994414268
140,4.00+,-0.02-0.02,<=0.22,21,0.6190476190476191,13.0,0.09523809523809523,-0.18105221501356092,-0.009934602136179718,13.576190476190478,-0.03239852709214025
140,1.55-1.70,0.08-0.12,0.26-0.30,1,0.6100000000000001,0.6100000000000001,1.0,0.1057654081866206,0.0970442651016726,1.61,-0.3131891874617263
140,1.55-1.70,0.02-0.05,0.26-0.30,2,0.6050000000000001,1.2100000000000002,1.0,0.013900448285041049,0.0425470740643169,1.605,-0.36830370599247764
135,1.55-1.70,-0.02-0.02,0.26-0.30,6,0.5970000000000002,3.582000000000001,1.0,-0.033951109034330414,0.008535620862162568,1.5970000000000004,-0.39460753297223883
135,4.00+,-0.02-0.02,0.22-0.26,6,0.5650000000000001,3.3900000000000006,0.16666666666666666,-0.1572358068199177,-0.011538125404824765,9.975,-0.081800869099828
78,3.20-4.00,-0.02-0.02,0.34+,7,0.5477142857142858,3.8340000000000005,0.42857142857142855,-0.07370483005473236,-0.006161546039997285,3.6165714285714285,-0.17179347233943754
39,<1.55,0.02-0.05,0.26-0.30,1,0.5420000000000003,0.5420000000000003,1.0,0.0028848342991778,0.0361215808110846,1.5420000000000005,-0.34962073002647365
39,3.20-4.00,<-0.02,0.30-0.34,19,0.5388421052631579,10.238,0.42105263157894735,-0.24077660570461165,-0.05351213455835619,3.636,-0.21108900734460043
140,<1.55,0.05-0.08,0.22-0.26,1,0.52,0.52,1.0,0.0577475148808392,0.0707928486903525,1.52,-0.3041134770520795
61,<1.55,-0.02-0.02,0.26-0.30,1,0.516,0.516,1.0,-0.0331724469997832,0.0068899451538652,1.516,-0.36225095448534517
61,1.70-2.00,0.08-0.12,0.30-0.34,5,0.5144,2.5719999999999996,0.8,0.14399069980538226,0.10118029630666973,1.9140000000000001,-0.2018301946451354
135,<1.55,0.02-0.05,0.26-0.30,3,0.5086666666666667,1.5260000000000002,1.0,-0.0007752805748178666,0.0326385982920469,1.5086666666666668,-0.33755869250411974
135,2.00-2.40,-0.02-0.02,0.30-0.34,10,0.504,5.04,0.7,-0.041146611860784235,5.217517182458994e-05,2.2123999999999997,-0.2655215317342908
140,2.40-3.20,-0.02-0.02,0.34+,6,0.49933333333333324,2.9959999999999996,0.5,-0.06663815698982241,-0.006794018374345217,2.9983333333333335,-0.1883111103003623
61,4.00+,-0.02-0.02,0.26-0.30,7,0.47971428571428565,3.3579999999999997,0.2857142857142857,-0.04462539431191855,0.0015311486066558288,5.199714285714285,-0.09761422363001959
78,4.00+,0.02-0.05,0.30-0.34,3,0.47666666666666657,1.4299999999999997,0.3333333333333333,0.11927973767277489,0.0332665210467969,4.491333333333333,-0.08279726862143988
39,<1.55,0.05-0.08,0.26-0.30,1,0.4750000000000001,0.4750000000000001,1.0,0.0650385407582134,0.076569231762255,1.475,-0.27793997236731294
78,<1.55,-0.02-0.02,0.22-0.26,3,0.4733333333333332,1.4199999999999997,1.0,-0.04525889772976407,0.0017769480443975661,1.4733333333333334,-0.3513906947956654
39,2.00-2.40,-0.02-0.02,0.30-0.34,9,0.4639999999999999,4.175999999999999,0.6666666666666666,-0.05109709172909645,-0.0002636816489095553,2.1726666666666663,-0.22885162735113418
140,4.00+,<-0.02,0.30-0.34,21,0.45790476190476187,9.616,0.2857142857142857,-0.4003440731796961,-0.077760948460175,4.722761904761905,-0.15835401541666194
78,2.00-2.40,<-0.02,0.26-0.30,6,0.4546666666666666,2.7279999999999998,0.6666666666666666,-0.2944250660559802,-0.10640332129832437,2.227333333333333,-0.34861731344320185
135,2.00-2.40,0.08-0.12,0.30-0.34,6,0.4429999999999999,2.6579999999999995,0.6666666666666666,0.17003300499399718,0.10207216455579056,2.122333333333333,-0.11428731312194518
61,1.70-2.00,-0.02-0.02,0.30-0.34,4,0.4424999999999999,1.7699999999999996,0.75,-0.04654758652737087,0.0030141783188291,1.9229999999999998,-0.25346948876605846
78,4.00+,<-0.02,0.30-0.34,6,0.437,2.622,0.3333333333333333,-0.31657139736505424,-0.064062522685763,4.295,-0.1745376029908878
39,1.70-2.00,<-0.02,0.30-0.34,12,0.43666666666666654,5.239999999999998,0.75,-0.150355863668741,-0.05521673206500096,1.9064999999999996,-0.30375472249953944
135,4.00+,-0.02-0.02,0.34+,6,0.434,2.604,0.3333333333333333,-0.062286389593366714,-0.003677713548562916,4.359,-0.11713074467234288
78,<1.55,0.05-0.08,0.22-0.26,3,0.434,1.302,1.0,0.0487350020867142,0.07274901497857762,1.434,-0.2675602403080696
39,4.00+,0.02-0.05,<=0.22,9,0.43333333333333335,3.9000000000000004,0.1111111111111111,0.512226870831212,0.031368721360785404,17.664444444444445,-0.022439698620868864
61,2.40-3.20,0.05-0.08,0.34+,6,0.432,2.592,0.5,0.13814849008958144,0.06716708486354613,2.812333333333333,-0.09218086080396964
78,2.40-3.20,-0.02-0.02,0.34+,8,0.4297499999999999,3.4379999999999993,0.5,-0.043784693134758114,-0.000199827487738525,2.884,-0.1662739585220417
78,<1.55,<-0.02,0.26-0.30,1,0.4199999999999999,0.4199999999999999,1.0,-0.113788991383501,-0.045855785256418,1.42,-0.37590774041091624
78,2.00-2.40,0.05-0.08,0.30-0.34,3,0.41133333333333333,1.234,0.6666666666666666,0.07571916601660837,0.06127400333096436,2.0793333333333335,-0.14895452592636782
135,1.70-2.00,0.08-0.12,0.26-0.30,5,0.40359999999999996,2.018,0.8,0.14295470957289452,0.1035926540743269,1.7644000000000002,-0.15230246395151603
135,3.20-4.00,0.02-0.05,0.34+,13,0.38107692307692315,4.954000000000001,0.38461538461538464,0.07512569430849934,0.03205716980842624,3.513230769230769,-0.07761854488155306
135,<1.55,-0.02-0.02,0.22-0.26,6,0.36333333333333334,2.18,1.0,-0.04960889616499035,-0.006540840229915183,1.3633333333333333,-0.30178076183969216
61,2.40-3.20,0.05-0.08,0.30-0.34,4,0.36150000000000015,1.4460000000000006,0.5,0.12313733440706787,0.06414520561199105,2.6965,-0.08280321970598237
78,2.40-3.20,0.02-0.05,0.34+,6,0.3466666666666667,2.08,0.5,0.039308449076980834,0.03351473167203132,2.757,-0.12080641606949255
135,2.40-3.20,0.02-0.05,0.30-0.34,10,0.3396,3.396,0.5,0.04149625919224199,0.033682389608688364,2.6838,-0.10866393905537741
78,2.00-2.40,<-0.02,0.34+,5,0.33840000000000003,1.6920000000000002,0.6,-0.23433574237067356,-0.08254495948989185,2.2816,-0.2639595398794352
78,<1.55,0.08-0.12,<=0.22,3,0.326,0.978,1.0,0.0826023385654964,0.1058972229027973,1.326,-0.1835819336950988
140,2.00-2.40,-0.02-0.02,0.30-0.34,5,0.3179999999999999,1.5899999999999994,0.6,-0.046470442364141586,-0.006919915024287899,2.1824,-0.16167859089160874
39,3.20-4.00,<-0.02,0.34+,52,0.3179230769230769,16.532,0.36538461538461536,-0.26730234284929305,-0.06161752096946356,3.5572307692307694,-0.15863122417205344
39,<1.55,-0.02-0.02,0.22-0.26,4,0.31100000000000005,1.2440000000000002,1.0,-0.06384863985023873,-0.0035545049220021756,1.3110000000000002,-0.28525812449005306
135,2.40-3.20,0.08-0.12,0.30-0.34,2,0.31000000000000005,0.6200000000000001,0.5,0.21495699047208072,0.10045806767793505,2.51,-0.015585840445316301
78,1.70-2.00,0.02-0.05,0.26-0.30,7,0.3074285714285714,2.1519999999999997,0.7142857142857143,0.01679437248016293,0.03426072749712713,1.8559999999999999,-0.165443024614093
61,<1.55,-0.02-0.02,0.22-0.26,2,0.306,0.612,1.0,-0.0604092637680175,-0.0044239438511453,1.306,-0.28049710438387354
78,2.40-3.20,0.08-0.12,0.34+,9,0.305111111111111,2.745999999999999,0.4444444444444444,0.26019627747033897,0.10332928440441985,2.994222222222222,-0.022549624986781702
135,<1.55,<-0.02,0.22-0.26,2,0.30499999999999994,0.6099999999999999,1.0,-0.12112355253841191,-0.0449137877328097,1.305,-0.32485466431284404
135,1.55-1.70,0.02-0.05,0.26-0.30,11,0.30109090909090913,3.3120000000000003,0.8181818181818182,0.013916744965555072,0.03373896018193614,1.5949090909090906,-0.1822509188906114
78,4.00+,<-0.02,0.26-0.30,30,0.2796666666666667,8.39,0.26666666666666666,-0.4115680348368201,-0.07867162201034887,4.742866666666667,-0.14108284697418802
78,<1.55,-0.02-0.02,<=0.22,1,0.276,0.276,1.0,-0.0216923997461969,0.0164807865149628,1.276,-0.2333012537195901
140,4.00+,<-0.02,0.22-0.26,23,0.2652173913043478,6.1,0.13043478260869565,-0.39721502470137227,-0.04329849644159561,8.603565217391305,-0.05927986378555988
78,4.00+,-0.02-0.02,0.26-0.30,7,0.2571428571428571,1.7999999999999998,0.2857142857142857,-0.09476631634322612,-0.009416310674468015,5.412999999999999,-0.11406429377716515
39,2.40-3.20,0.02-0.05,0.30-0.34,2,0.2549999999999999,0.5099999999999998,0.5,0.024643090572722497,0.036591698630200745,2.48,-0.08690373984509203
78,<1.55,<-0.02,<=0.22,1,0.25,0.25,1.0,-0.0777783289281144,-0.0213467507337322,1.25,-0.26222266314249154
135,<1.55,<-0.02,<=0.22,1,0.24,0.24,1.0,-0.1126229074359385,-0.0768163744636791,1.24,-0.2843733124483375
78,2.40-3.20,0.08-0.12,0.30-0.34,2,0.22699999999999976,0.4539999999999995,0.5,0.23930647419759649,0.11183967903148145,2.6149999999999998,-0.02484164325876459
135,1.70-2.00,-0.02-0.02,0.30-0.34,12,0.2228333333333333,2.6739999999999995,0.6666666666666666,-0.029857431341167102,0.006136020999194202,1.86,-0.14402133303806786
78,4.00+,<-0.02,0.34+,14,0.2198571428571429,3.0780000000000003,0.2857142857142857,-0.4258905856164074,-0.09063238777920658,4.295999999999999,-0.15076912965733774
39,1.55-1.70,-0.02-0.02,0.26-0.30,8,0.2185,1.748,0.75,-0.05931952601822926,-0.0047505488748246,1.637,-0.17512504664180661
135,4.00+,<-0.02,0.26-0.30,62,0.2140967741935484,13.274000000000001,0.20967741935483872,-0.3757815858215907,-0.05560420300633148,5.9835161290322585,-0.10154310910036016
140,1.70-2.00,<-0.02,0.30-0.34,8,0.21000000000000002,1.6800000000000002,0.625,-0.1859052897280466,-0.077477866419466,1.91125,-0.1985638281516633
135,1.55-1.70,<-0.02,0.26-0.30,4,0.20550000000000002,0.8220000000000001,0.75,-0.10933466406103495,-0.03359378993887127,1.6244999999999998,-0.20137361493046335
61,2.40-3.20,0.02-0.05,0.34+,2,0.19999999999999996,0.3999999999999999,0.5,0.0583630808565894,0.04202251892446015,2.6559999999999997,-0.09834101712591403
39,<1.55,0.02-0.05,<=0.22,1,0.1999999999999999,0.1999999999999999,1.0,-0.0231692476381158,0.0308930968477547,1.2,-0.18597437303176323
140,2.00-2.40,<-0.02,0.34+,2,0.18999999999999995,0.3799999999999999,0.5,-0.26041364408033346,-0.09233395896810614,2.261,-0.17043616001484707
39,1.55-1.70,<-0.02,0.26-0.30,15,0.18306666666666666,2.746,0.7333333333333333,-0.14485638106055282,-0.05524826470218644,1.621333333333333,-0.20521371960122914
78,3.20-4.00,<-0.02,0.26-0.30,9,0.18111111111111114,1.6300000000000003,0.3333333333333333,-0.4960387706539076,-0.12650933420023872,3.6197777777777773,-0.1930210824868577
39,4.00+,<-0.02,0.26-0.30,56,0.17964285714285713,10.059999999999999,0.23214285714285715,-0.2660301020756818,-0.0431750647467863,5.137535714285714,-0.08755410792990931
135,1.70-2.00,<-0.02,0.30-0.34,5,0.17959999999999998,0.8979999999999999,0.6,-0.12026250168774774,-0.044059853646753584,1.9696000000000002,-0.15337581892859775
39,4.00+,<-0.02,0.22-0.26,16,0.15975,2.556,0.1875,-0.27985747417994467,-0.035124554366613735,6.5204375,-0.07544480437710588
61,2.00-2.40,0.08-0.12,0.30-0.34,6,0.15933333333333333,0.956,0.5,0.1927841894460061,0.10775995383284664,2.2870000000000004,0.021986059392169577
135,1.70-2.00,0.02-0.05,0.30-0.34,8,0.15200000000000014,1.216000000000001,0.625,0.016112503788895775,0.03330552641360966,1.86775,-0.0802182254320305
140,<1.55,<-0.02,<=0.22,1,0.1499999999999999,0.1499999999999999,1.0,-0.1677295167576694,-0.0956788203670087,1.15,-0.27628653631101685
61,2.00-2.40,0.02-0.05,0.30-0.34,4,0.14349999999999996,0.5739999999999998,0.5,0.014781242848468525,0.029846453807646424,2.2096428571428572,-0.03968187175751847
78,2.00-2.40,0.05-0.08,0.26-0.30,2,0.1419999999999999,0.2839999999999998,0.5,0.0714558167095595,0.055881141304357854,2.173,-0.005870433635779271
61,3.20-4.00,<-0.02,0.34+,9,0.1411111111111111,1.27,0.3333333333333333,-0.26169766742974127,-0.06067141649074169,3.5586666666666664,-0.12530970785814782
61,2.40-3.20,-0.02-0.02,0.34+,5,0.13920000000000005,0.6960000000000002,0.4,-0.05436991194616534,-0.00074423768196448,2.8848,-0.07085218370994889
39,2.00-2.40,-0.02-0.02,0.34+,2,0.125,0.25,0.5,-0.07421071852993011,-0.0066436095930645,2.275,-0.09306167286385236
78,1.55-1.70,<-0.02,0.26-0.30,3,0.12466666666666655,0.37399999999999967,0.6666666666666666,-0.1464219227031259,-0.055505831929026396,1.6893333333333331,-0.1615587632976172
140,2.00-2.40,0.02-0.05,0.30-0.34,4,0.11050000000000004,0.44200000000000017,0.5,0.0098439964402278,0.026925567217068676,2.181,-0.03678816451143052
78,1.55-1.70,0.02-0.05,0.26-0.30,3,0.10400000000000002,0.31200000000000006,0.6666666666666666,0.000133526244892166,0.031063556247400464,1.6306666666666667,-0.05288335431811897
39,<1.55,0.02-0.05,0.22-0.26,5,0.10399999999999995,0.5199999999999998,0.8,-0.0008460306500845799,0.0398170574175365,1.3636,-0.06651767796679975
78,2.00-2.40,-0.02-0.02,0.30-0.34,6,0.10033333333333339,0.6020000000000003,0.5,-0.053902495754753234,-0.001420683484991683,2.241,-0.07664433321241787
39,1.55-1.70,0.02-0.05,0.26-0.30,3,0.09799999999999993,0.2939999999999998,0.6666666666666666,0.005656594140037333,0.03824152484683943,1.6346666666666667,-0.0513338699684065
140,4.00+,<-0.02,0.34+,32,0.08812500000000001,2.8200000000000003,0.25,-0.3229289115432157,-0.06150093637791956,4.663124999999999,-0.10258786531763536
135,2.40-3.20,-0.02-0.02,0.34+,28,0.08364285714285716,2.3420000000000005,0.39285714285714285,-0.047149376837148614,-0.00021234170120294275,2.782285714285714,-0.04874629376606937
140,2.40-3.20,<-0.02,0.34+,32,0.08347916666666666,2.671333333333333,0.375,-0.25599232726011795,-0.07194035556960113,2.8952708333333335,-0.11674105079022801
140,1.55-1.70,-0.02-0.02,0.26-0.30,3,0.07933333333333333,0.238,0.6666666666666666,-0.030661859003860464,0.005311655432793934,1.639333333333333,-0.07501015275871836
140,2.00-2.40,0.12+,0.30-0.34,2,0.07499999999999996,0.1499999999999999,0.5,0.2689052731767234,0.14357880731277844,2.248,0.06548648744974406
135,2.00-2.40,0.02-0.05,0.30-0.34,14,0.07371428571428565,1.0319999999999991,0.5,0.03496438985132277,0.03414101478978984,2.1610000000000005,-0.019566560132700084
61,<1.55,<-0.02,0.22-0.26,5,0.0682666666666667,0.3413333333333335,0.8,-0.1374559509416784,-0.06576031137834998,1.3274666666666668,-0.14946725849458098
39,4.00+,0.02-0.05,0.22-0.26,7,0.06114285714285713,0.42799999999999994,0.14285714285714285,0.18086106679759892,0.027241368635472742,8.670428571428571,-0.00463205659982957
135,2.00-2.40,0.05-0.08,0.30-0.34,10,0.060799999999999944,0.6079999999999994,0.5,0.09385165879830752,0.06119074252495129,2.1504000000000003,0.009337621648120353
140,<1.55,<-0.02,0.22-0.26,10,0.05740000000000001,0.5740000000000001,0.8,-0.13376534057681957,-0.06425253992872167,1.3368,-0.15124479478185116
78,2.40-3.20,<-0.02,0.30-0.34,19,0.05463157894736841,1.0379999999999998,0.3684210526315789,-0.23233139528612104,-0.06787666308660355,2.8165263157894733,-0.09403695727961853
39,2.40-3.20,<-0.02,0.34+,56,0.047857142857142834,2.679999999999999,0.375,-0.2508432915607394,-0.07180442284369015,2.7888571428571427,-0.1042658737487519
140,2.40-3.20,-0.02-0.02,0.30-0.34,10,0.04740000000000002,0.4740000000000002,0.4,-0.037264921583184736,0.0018180086404981505,2.6328,-0.031239202234010777
39,2.00-2.40,<-0.02,0.30-0.34,25,0.04296000000000002,1.0740000000000005,0.48,-0.189309681136173,-0.06392633021467177,2.16828,-0.10542644645067928
135,1.70-2.00,0.08-0.12,0.30-0.34,9,0.04199999999999999,0.3779999999999999,0.5555555555555556,0.129653337445223,0.09737433583445698,1.848666666666667,0.056406237015534044
39,<1.55,-0.02-0.02,0.26-0.30,3,0.023666666666666725,0.07100000000000017,0.6666666666666666,-0.06508440984989187,-0.0046018791610107,1.5276666666666667,-0.05468219910668526
140,<1.55,0.02-0.05,0.26-0.30,3,0.020666666666666684,0.062000000000000055,0.6666666666666666,0.010026666188461033,0.03288556261587513,1.534,-0.008259794463217673
39,2.40-3.20,-0.02-0.02,0.30-0.34,5,0.0016000000000000014,0.008000000000000007,0.4,-0.07369775436454502,-0.006014802896318801,2.6088000000000005,-0.044108875923233926
61,4.00+,<-0.02,0.34+,5,-0.0008000000000000007,-0.0040000000000000036,0.2,-0.31215347295008256,-0.059470609818186825,4.426,-0.043766024391177605
61,3.20-4.00,<-0.02,0.26-0.30,4,-0.0044999999999999485,-0.017999999999999794,0.25,-0.35424338246115106,-0.07756853192533437,3.9385000000000003,-0.08595385451861634
39,<1.55,<-0.02,0.26-0.30,3,-0.005333333333333412,-0.016000000000000236,0.6666666666666666,-0.09153876355418507,-0.03390009145686413,1.4646666666666663,-0.046142599259757056
140,2.00-2.40,<-0.02,0.30-0.34,18,-0.007444444444444402,-0.13399999999999923,0.4444444444444444,-0.2405496796784331,-0.08623488001927276,2.2322222222222217,-0.1031922458220641
135,<1.55,-0.02-0.02,0.26-0.30,6,-0.012999999999999984,-0.0779999999999999,0.6666666666666666,-0.027135067677827834,0.012143790854860115,1.4953333333333332,-0.015503765572298045
135,2.40-3.20,<-0.02,0.34+,27,-0.028296296296296305,-0.7640000000000002,0.3333333333333333,-0.18305758542550837,-0.04847216189907756,2.8616296296296295,-0.04577235440487831
78,2.40-3.20,<-0.02,0.34+,45,-0.047866666666666724,-2.1540000000000026,0.3333333333333333,-0.2554580055939851,-0.07199379519088434,2.9094222222222226,-0.07589941962725405
78,<1.55,0.02-0.05,0.22-0.26,3,-0.049333333333333305,-0.1479999999999999,0.6666666666666666,-0.0161543552266137,0.029047426073690267,1.4006666666666667,0.0369895845197834
39,<1.55,<-0.02,0.22-0.26,3,-0.07733333333333343,-0.23200000000000032,0.6666666666666666,-0.11077363330071804,-0.0400278684359378,1.4033333333333333,-0.03254878452160481
135,3.20-4.00,<-0.02,0.34+,19,-0.08778947368421051,-1.6679999999999997,0.2631578947368421,-0.19838926236129187,-0.04294586760491896,3.4997894736842112,-0.03288616944490169
140,1.55-1.70,<-0.02,0.26-0.30,9,-0.09000000000000001,-0.81,0.5555555555555556,-0.19654090646548486,-0.09895593005787297,1.614666666666667,-0.05739576253807904
39,1.70-2.00,-0.02-0.02,0.26-0.30,10,-0.0986,-0.986,0.5,-0.04527949226283322,0.00179464290450384,1.7992000000000001,0.03172255754095277
140,3.20-4.00,0.02-0.05,0.34+,8,-0.10350000000000004,-0.8280000000000003,0.25,0.05618039723944877,0.029641299345562137,3.488,0.05365646810246211
78,<1.55,0.05-0.08,<=0.22,3,-0.10400000000000002,-0.31200000000000006,0.6666666666666666,0.041613605932832566,0.07339376903647042,1.3313333333333333,0.11674525239871048
78,1.70-2.00,<-0.02,0.26-0.30,2,-0.10499999999999998,-0.20999999999999996,0.5,-0.24570300485224592,-0.11929534220079285,1.795,-0.07997666982161822
78,4.00+,<-0.02,0.22-0.26,40,-0.11069999999999999,-4.428,0.15,-0.580769085070268,-0.0927011016703789,5.9444,-0.07894326773046999
78,3.20-4.00,<-0.02,0.30-0.34,4,-0.1120000000000001,-0.4480000000000004,0.25,-0.36173538032652514,-0.0854106616084357,3.6165,-0.07319516991821529
61,2.00-2.40,<-0.02,0.30-0.34,5,-0.11377142857142855,-0.5688571428571427,0.4,-0.17825555547942612,-0.05848238276460836,2.1769714285714286,-0.02185402645396617
61,1.70-2.00,0.02-0.05,0.26-0.30,2,-0.119,-0.238,0.5,0.0038105603318825,0.0325590084544791,1.753,0.07267746558434052
135,1.70-2.00,0.05-0.08,0.26-0.30,4,-0.1225,-0.49,0.5,0.0724732795426539,0.05903360431143233,1.731,0.11969148869563484
140,<1.55,-0.02-0.02,0.26-0.30,5,-0.12440000000000007,-0.6220000000000003,0.6,-0.05294789478134117,0.0006677344608648796,1.4784,0.04091897481588058
61,1.70-2.00,0.08-0.12,0.26-0.30,2,-0.14200000000000002,-0.28400000000000003,0.5,0.10273499316639209,0.08764250157126025,1.779,0.12039397834931098
135,2.00-2.40,<-0.02,0.30-0.34,8,-0.14549999999999996,-1.1639999999999997,0.375,-0.15109919218182216,-0.044673900221931934,2.2525,0.0027525243302907176
140,4.00+,<-0.02,0.26-0.30,45,-0.15053333333333332,-6.774,0.15555555555555556,-0.40118034181069123,-0.06616353680697803,5.632933333333333,-0.047280449341332215
78,2.40-3.20,0.02-0.05,0.30-0.34,6,-0.15100000000000002,-0.9060000000000001,0.3333333333333333,0.019155920646846698,0.028507423323447554,2.6563333333333334,0.0521025867582649
78,1.55-1.70,-0.02-0.02,0.26-0.30,2,-0.16000000000000014,-0.3200000000000003,0.5,-0.03074772453083195,0.00802382654629375,1.6849999999999996,0.07519472096584756
39,4.00+,<-0.02,0.30-0.34,5,-0.1684000000000001,-0.8420000000000005,0.2,-0.2721163830048789,-0.05217425207196298,4.35,-0.032712918120670925
78,2.00-2.40,<-0.02,0.30-0.34,16,-0.169375,-2.71,0.375,-0.2327259176603374,-0.08654856391361176,2.194125,-0.024877652234003844
78,<1.55,0.02-0.05,<=0.22,3,-0.17266666666666666,-0.518,0.6666666666666666,-0.0049129403597754,0.0364433335172247,1.2453333333333332,0.13406615279059397
135,3.20-4.00,<-0.02,0.30-0.34,13,-0.18076923076923074,-2.3499999999999996,0.23076923076923078,-0.2242646599463042,-0.05187677970409459,3.524153846153846,-0.010190228658021078
135,1.70-2.00,0.05-0.08,0.30-0.34,9,-0.18311111111111109,-1.6479999999999997,0.4444444444444444,0.07674032948981535,0.06490163893100222,1.8417777777777777,0.14174783660530943
135,1.55-1.70,0.05-0.08,0.26-0.30,4,-0.184,-0.736,0.5,0.0698006741864404,0.0642582459295458,1.621,0.16082491675870814
39,1.55-1.70,0.05-0.08,0.26-0.30,2,-0.18900000000000006,-0.3780000000000001,0.5,0.0465015422901794,0.06191984210919001,1.5940000000000003,0.15691436960130312
140,3.20-4.00,<-0.02,0.34+,40,-0.19210000000000002,-7.684000000000001,0.225,-0.3075561244157754,-0.0743037739344874,3.5175666666666663,-0.027432389316482425
39,1.70-2.00,-0.02-0.02,0.30-0.34,7,-0.20800000000000005,-1.4560000000000004,0.42857142857142855,-0.06192702619769604,-0.0034564239340064717,1.8737142857142859,0.07304115721566323
78,2.00-2.40,0.08-0.12,0.26-0.30,3,-0.22266666666666665,-0.6679999999999999,0.3333333333333333,0.17962054209946168,0.10466775244942876,2.2066666666666666,0.20238194048680452
78,3.20-4.00,<-0.02,0.34+,27,-0.22407407407407404,-6.049999999999999,0.2222222222222222,-0.2962911288766196,-0.07181105938759443,3.5484444444444443,-0.022658579833040815
39,2.00-2.40,0.02-0.05,0.30-0.34,3,-0.2266666666666667,-0.6800000000000002,0.3333333333333333,0.030186207633130607,0.03238254784928083,2.2273333333333336,0.12937929544224458
78,2.00-2.40,0.02-0.05,0.26-0.30,3,-0.2266666666666667,-0.6800000000000002,0.3333333333333333,0.05066079500787813,0.0349179313569503,2.2453333333333334,0.1346539824613927
39,2.40-3.20,<-0.02,0.30-0.34,39,-0.24289743589743587,-9.472999999999999,0.28205128205128205,-0.23420905675051779,-0.06677384859426863,2.7501282051282048,-0.0007209375941836793
135,2.40-3.20,0.05-0.08,0.30-0.34,7,-0.24742857142857153,-1.7320000000000007,0.2857142857142857,0.12372887650833231,0.05983518173516879,2.7025714285714284,0.1330018387431225
135,<1.55,0.05-0.08,0.26-0.30,2,-0.253,-0.506,0.5,0.0561285713566398,0.0656901166831618,1.5070000000000001,0.20085054316734063
135,4.00+,<-0.02,0.34+,12,-0.25333333333333335,-3.04,0.16666666666666666,-0.26481696207786537,-0.050773214583317246,4.565833333333333,-0.0037310898023291406
61,<1.55,<-0.02,0.26-0.30,2,-0.256,-0.512,0.5,-0.15000628942199315,-0.06739286334679359,1.4969999999999999,0.06791800363257683
140,2.40-3.20,0.02-0.05,0.34+,8,-0.26250000000000007,-2.1000000000000005,0.25,0.05114502976814145,0.03448286950309723,2.897,0.11367749030719698
61,2.00-2.40,0.12+,0.30-0.34,6,-0.26866666666666666,-1.612,0.3333333333333333,0.2565248780218448,0.1429801100760024,2.1813333333333333,0.24590802417113827
61,3.20-4.00,0.05-0.08,0.34+,5,-0.2728,-1.3639999999999999,0.2,0.1916053569412466,0.0677082768831079,3.5872,0.1331992385480853
140,2.00-2.40,0.08-0.12,0.30-0.34,3,-0.2746666666666666,-0.8239999999999998,0.3333333333333333,0.1819039462778943,0.10294012991733263,2.263333333333333,0.1893790820950289
61,2.00-2.40,-0.02-0.02,0.30-0.34,3,-0.2873333333333332,-0.8619999999999997,0.3333333333333333,-0.054687080893478734,-0.0012659676090580666,2.1999999999999997,0.09631410180511674
61,3.20-4.00,-0.02-0.02,0.34+,5,-0.2924000000000001,-1.4620000000000006,0.2,-0.07383776516013349,-0.005591663723866559,3.5103999999999997,0.06438253714601083
78,2.00-2.40,0.08-0.12,0.30-0.34,3,-0.2960000000000001,-0.8880000000000003,0.3333333333333333,0.16895225534443994,0.10606167686790707,2.09,0.22598690508014113
39,4.00+,-0.02-0.02,0.22-0.26,35,-0.30337142857142857,-10.618,0.08571428571428572,-0.07629353993146726,-0.0035359911784580427,8.140342857142855,0.02902557988613326
78,2.00-2.40,-0.02-0.02,0.26-0.30,3,-0.3080000000000001,-0.9240000000000004,0.3333333333333333,-0.052329405339415165,-0.0056116033300962,2.1213333333333333,0.11434157139133888
61,2.00-2.40,<-0.02,0.34+,3,-0.3113333333333332,-0.9339999999999995,0.3333333333333333,-0.18769876667331462,-0.057523167560974996,2.2100000000000004,0.03791217497385835
135,4.00+,-0.02-0.02,0.30-0.34,13,-0.3206153846153847,-4.168000000000001,0.15384615384615385,-0.06581470842127385,-0.006592575241243446,4.6899999999999995,0.04761542307117089
135,3.20-4.00,0.02-0.05,0.30-0.34,5,-0.3444000000000001,-1.7220000000000004,0.2,0.06356090745153418,0.03477720399026534,3.306399999999999,0.12201577459780522
78,2.40-3.20,-0.02-0.02,0.30-0.34,4,-0.3475,-1.39,0.25,-0.06070415306493977,-0.00578218143917315,2.6900000000000004,0.10139032608467125
135,2.40-3.20,-0.02-0.02,0.30-0.34,8,-0.3575000000000001,-2.8600000000000008,0.25,-0.0325967811969421,0.003190384207365837,2.6725,0.11380888605664641
61,3.20-4.00,0.02-0.05,0.34+,5,-0.358,-1.79,0.2,0.06809913816645992,0.03481537060804404,3.4479999999999995,0.11042811913174405
39,1.70-2.00,<-0.02,0.26-0.30,11,-0.3694545454545455,-4.064,0.36363636363636365,-0.1349209322422708,-0.04866109113998193,1.7843636363636364,0.12123678096782509
61,2.40-3.20,-0.02-0.02,0.30-0.34,5,-0.3747999999999999,-1.8739999999999997,0.2,-0.03147577588996508,0.005996386984808121,2.9176,0.133100289663584
61,2.40-3.20,0.12+,0.30-0.34,4,-0.381,-1.524,0.25,0.4249948746710844,0.16999052468892725,2.8295000000000003,0.2588847043370398
140,1.70-2.00,-0.02-0.02,0.30-0.34,3,-0.38466666666666666,-1.154,0.3333333333333333,-0.03877491123905753,0.006314445125314933,1.891333333333333,0.1751918189156873
140,2.40-3.20,0.02-0.05,0.30-0.34,4,-0.3975,-1.59,0.25,0.07354265618148553,0.0426846327597995,2.6795,0.151958828410947
135,4.00+,<-0.02,0.22-0.26,53,-0.3979245283018868,-21.09,0.07547169811320754,-0.45231730770788914,-0.047340058960563654,8.962188679245283,-0.013122917985558938
39,3.20-4.00,-0.02-0.02,0.34+,6,-0.39899999999999997,-2.3939999999999997,0.16666666666666666,-0.023828401328693617,0.005572359588368817,3.6843333333333335,0.09910769638335473
61,2.40-3.20,<-0.02,0.34+,10,-0.43479999999999996,-4.348,0.2,-0.23688496806502668,-0.06452378338886357,2.7972333333333337,0.07668233767929178
39,3.20-4.00,<-0.02,0.26-0.30,7,-0.4394285714285714,-3.0759999999999996,0.14285714285714285,-0.30028511284037346,-0.06835368407588034,3.6390000000000002,0.051200659215168504
140,1.55-1.70,0.05-0.08,0.26-0.30,3,-0.45066666666666677,-1.3520000000000003,0.3333333333333333,0.06861841690010537,0.07201103783680717,1.6499999999999997,0.3144976696829091
78,2.40-3.20,0.12+,0.30-0.34,5,-0.45760000000000006,-2.2880000000000003,0.2,0.3524522655937393,0.13903492767346992,2.812,0.28197003715826624
140,2.40-3.20,<-0.02,0.30-0.34,30,-0.46279999999999993,-13.883999999999999,0.2,-0.23276463592881705,-0.0687492191797093,2.7229333333333328,0.08348692675932323
61,1.55-1.70,<-0.02,0.26-0.30,3,-0.4779999999999999,-1.4339999999999997,0.3333333333333333,-0.16781798243224458,-0.07163452071791743,1.612,0.18373457174254043
135,1.55-1.70,0.08-0.12,0.26-0.30,3,-0.48,-1.44,0.3333333333333333,0.11210887817187727,0.09246643391675073,1.6146666666666665,0.35562715906505254
135,3.20-4.00,-0.02-0.02,0.34+,21,-0.4991428571428571,-10.482,0.14285714285714285,-0.04361768163485323,-0.0005857893682904285,3.6087619047619044,0.12303325632125128
39,1.70-2.00,0.02-0.05,0.26-0.30,4,-0.5225,-2.09,0.25,0.0154809650043459,0.037269871492593226,1.8285,0.30657467580019193
39,<1.55,0.05-0.08,0.22-0.26,3,-0.5333333333333333,-1.6,0.3333333333333333,0.031242976285167933,0.06565783046286977,1.3999999999999997,0.40326879258464393
135,4.00+,<-0.02,0.30-0.34,20,-0.5341,-10.682,0.1,-0.2809373968106258,-0.05283341608183797,4.697100000000001,0.05444835758918168
78,4.00+,<-0.02,<=0.22,38,-0.5386315789473685,-20.468,0.05263157894736842,-0.6190989061902675,-0.06508634401544348,10.261631578947366,-0.012167741715925044
135,3.20-4.00,-0.02-0.02,0.30-0.34,8,-0.542,-4.336,0.125,-0.048065957663602235,-0.002723666394007838,3.5905,0.1404341598018542
140,4.00+,-0.02-0.02,0.34+,9,-0.5422222222222222,-4.88,0.1111111111111111,-0.059186172645091,-0.006658045073250389,4.83962962962963,0.08985788397090949
39,2.00-2.40,<-0.02,0.34+,10,-0.5469999999999999,-5.469999999999999,0.2,-0.17910229440057207,-0.05736957411932584,2.2722,0.16169340355091932
135,2.40-3.20,<-0.02,0.30-0.34,6,-0.548,-3.2880000000000003,0.16666666666666666,-0.16214588726785162,-0.044457363561506424,2.7929999999999997,0.13329044213131028
61,4.00+,<-0.02,0.26-0.30,29,-0.5544137931034484,-16.078000000000003,0.10344827586206896,-0.3717977860056437,-0.06215536784331892,5.249724137931035,0.018828722294614686
140,<1.55,-0.02-0.02,0.22-0.26,3,-0.5626666666666666,-1.688,0.3333333333333333,-0.0501841387731805,0.00016523604797740016,1.3639999999999999,0.363561795100843
78,1.70-2.00,-0.02-0.02,0.26-0.30,4,-0.5650000000000001,-2.2600000000000002,0.25,-0.045101530067625274,-0.0021335257986476995,1.7255,0.30344151229299354
61,4.00+,<-0.02,0.22-0.26,13,-0.6047692307692307,-7.862,0.07692307692307693,-0.4254158841704389,-0.04998334756240179,8.005846153846154,-0.002408731128408781
39,4.00+,-0.02-0.02,0.26-0.30,26,-0.607,-15.782,0.07692307692307693,-0.09052398392231019,-0.007573167395990626,5.644153846153846,0.08745849290750357
135,3.20-4.00,0.05-0.08,0.34+,9,-0.6322222222222221,-5.6899999999999995,0.1111111111111111,0.1973980396838401,0.06543471581186187,3.6099999999999994,0.22233575802732292
140,3.20-4.00,<-0.02,0.30-0.34,13,-0.7153846153846154,-9.3,0.07692307692307693,-0.32916482369713,-0.07924651268421437,3.623538461538461,0.10927393135636532
39,4.00+,-0.02-0.02,<=0.22,16,-1.0,-16.0,0.0,0.030625634783197523,0.005995025217749125,11.999625000000002,0.08680249337908064
135,4.00+,<-0.02,<=0.22,13,-1.0,-13.0,0.0,-0.4299285399337644,-0.03287371218151662,12.33,0.04853610547634084
140,4.00+,-0.02-0.02,0.22-0.26,12,-1.0,-12.0,0.0,-0.10710528909592178,-0.006129921755626058,9.977500000000001,0.09184878959566582
140,4.00+,<-0.02,<=0.22,11,-1.0,-11.0,0.0,-0.41454572430073483,-0.03399390525707782,10.876363636363637,0.05500620534720313
135,2.40-3.20,0.02-0.05,0.34+,6,-1.0,-6.0,0.0,0.07659339851017526,0.038229212200200514,2.894,0.3746635294994016
135,4.00+,-0.02-0.02,<=0.22,6,-1.0,-6.0,0.0,-0.2753541604798543,-0.015161837447719165,15.636666666666665,0.04744747441354525
61,1.70-2.00,0.02-0.05,0.30-0.34,5,-1.0,-5.0,0.0,0.01438881569059094,0.03281559293974928,1.9024,0.5338948941226273
61,2.40-3.20,0.08-0.12,0.30-0.34,5,-1.0,-5.0,0.0,0.20976356323186085,0.09762261827450822,2.7268,0.44816653099764137
39,4.00+,-0.02-0.02,0.34+,4,-1.0,-4.0,0.0,-0.10406083981500099,-0.011920078299628325,5.165,0.17688653699573065
61,4.00+,-0.02-0.02,0.22-0.26,4,-1.0,-4.0,0.0,-0.13413031419220664,-0.010626777070043177,7.266500000000001,0.1209648083166324
61,4.00+,-0.02-0.02,<=0.22,4,-1.0,-4.0,0.0,-0.13521347241141352,-0.0062249034224907745,15.477500000000001,0.06414454893277982
78,2.40-3.20,<-0.02,0.26-0.30,4,-1.0,-4.0,0.0,-0.3286419448269921,-0.0946127320260402,2.9830000000000005,0.2268334648243875
140,4.00+,0.02-0.05,0.22-0.26,4,-1.0,-4.0,0.0,0.2712405896289863,0.02960425072613815,10.305,0.1320894160728313
39,1.70-2.00,0.05-0.08,0.30-0.34,3,-1.0,-3.0,0.0,0.07026026960174783,0.06967957068522954,1.9126666666666665,0.5595845012243618
61,2.40-3.20,0.02-0.05,0.30-0.34,3,-1.0,-3.0,0.0,0.019756304947785033,0.023886530877844103,2.804,0.3643487858557017
61,2.40-3.20,0.08-0.12,0.34+,3,-1.0,-3.0,0.0,0.23768299061877704,0.10578286323071327,2.6946666666666665,0.45981532599730807
61,2.40-3.20,<-0.02,0.30-0.34,3,-1.0,-3.0,0.0,-0.2376951825879576,-0.07367214267947299,2.502666666666667,0.304917701214372
61,4.00+,<-0.02,0.30-0.34,3,-1.0,-3.0,0.0,-0.41491508064358484,-0.08536076743107956,4.307142857142857,0.13498430784250082
78,2.40-3.20,0.05-0.08,0.34+,3,-1.0,-3.0,0.0,0.13895795178171302,0.06337129293253824,3.0086666666666666,0.37941312805793626
78,2.40-3.20,0.12+,0.26-0.30,3,-1.0,-3.0,0.0,0.48882345260187926,0.19965798771753618,2.6093333333333333,0.5712040339169561
135,4.00+,0.05-0.08,0.34+,3,-1.0,-3.0,0.0,0.22368439768502424,0.061368887356572956,4.4319999999999995,0.27701186794284105
140,2.40-3.20,0.05-0.08,0.34+,3,-1.0,-3.0,0.0,0.13454682656591785,0.0620732091610128,2.951333333333333,0.38596317419630166
140,3.20-4.00,0.08-0.12,0.34+,3,-1.0,-3.0,0.0,0.28811251000848154,0.0941940073293559,3.5079999999999996,0.370195184076525
140,4.00+,-0.02-0.02,0.26-0.30,3,-1.0,-3.0,0.0,-0.09559962201213312,-0.008015341952142268,6.442666666666667,0.14896313694667113
39,1.70-2.00,0.05-0.08,0.26-0.30,2,-1.0,-2.0,0.0,0.06836010163115135,0.0659811824342754,1.7690000000000001,0.6041658897427928
61,1.55-1.70,-0.02-0.02,0.26-0.30,2,-1.0,-2.0,0.0,-0.04835702852074395,0.0015539684184262001,1.624,0.5859338907476221
61,1.70-2.00,0.12+,0.30-0.34,2,-1.0,-2.0,0.0,0.21960387960122335,0.14486794412150955,1.896,0.6435868021494213
61,3.20-4.00,-0.02-0.02,0.30-0.34,2,-1.0,-2.0,0.0,-0.07930259584379926,-0.007105837989347399,3.737,0.2482625283778015
61,4.00+,-0.02-0.02,0.34+,2,-1.0,-2.0,0.0,-0.01044130110091525,0.0097269142041688,4.243428571428572,0.2339868379561454
61,4.00+,0.02-0.05,0.22-0.26,2,-1.0,-2.0,0.0,0.1718265604132596,0.02481922125894295,8.79,0.13358248616724155
61,4.00+,0.02-0.05,0.30-0.34,2,-1.0,-2.0,0.0,0.09778805039624475,0.03114831134047375,4.684000000000001,0.23487608939284926
61,4.00+,0.05-0.08,0.26-0.30,2,-1.0,-2.0,0.0,0.31427111813834785,0.06270131078354425,5.868,0.22821903745962369
78,1.70-2.00,0.08-0.12,0.26-0.30,2,-1.0,-2.0,0.0,0.1275036387301885,0.094664555910092,1.87,0.6029789690175034
78,3.20-4.00,0.05-0.08,0.34+,2,-1.0,-2.0,0.0,0.1327567474514076,0.05116593273691405,3.5810000000000004,0.3166802372424759
78,4.00+,-0.02-0.02,0.22-0.26,2,-1.0,-2.0,0.0,-0.0861331155241031,-0.00874989512505585,6.162000000000001,0.15424047801162716
78,4.00+,-0.02-0.02,0.34+,2,-1.0,-2.0,0.0,-0.0362220061354811,0.00317798233243175,4.212,0.22915345939286735
135,4.00+,0.02-0.05,0.30-0.34,2,-1.0,-2.0,0.0,0.10665696885920005,0.03243375066719885,4.872999999999999,0.226925371177565
140,1.70-2.00,0.05-0.08,0.30-0.34,2,-1.0,-2.0,0.0,0.0759734664114759,0.0710120643394154,1.799,0.5987059273976628
140,3.20-4.00,0.02-0.05,0.30-0.34,2,-1.0,-2.0,0.0,0.0692501940416886,0.0318102390176566,3.714,0.28775993150144297
140,3.20-4.00,0.05-0.08,0.34+,2,-1.0,-2.0,0.0,0.20089461189106855,0.0720182181684768,3.466,0.3464801556744159
140,4.00+,0.02-0.05,0.34+,2,-1.0,-2.0,0.0,0.11603282605028785,0.03786363208200845,4.385,0.2548899098956936
140,4.00+,0.02-0.05,<=0.22,2,-1.0,-2.0,0.0,0.4653659082749684,0.02734328615510355,18.0,0.0820630883714499
39,1.55-1.70,-0.02-0.02,0.30-0.34,1,-1.0,-1.0,0.0,-0.0808758939554302,-0.0153890634724754,1.67,0.5503737161943532
39,1.70-2.00,0.02-0.05,0.30-0.34,1,-1.0,-1.0,0.0,-0.0038602471693123,0.0338195795180132,1.75,0.5692227159032501
39,2.00-2.40,0.05-0.08,0.30-0.34,1,-1.0,-1.0,0.0,0.086754205099798,0.0594541113380309,2.15,0.505467072139441
39,2.40-3.20,0.02-0.05,0.34+,1,-1.0,-1.0,0.0,0.0053729013055454,0.0212635868286411,2.668,0.3768264247771909
39,3.20-4.00,-0.02-0.02,0.30-0.34,1,-1.0,-1.0,0.0,-0.1091818135969767,-0.0167570821813045,3.74,0.2381866808564233
39,3.20-4.00,0.02-0.05,0.30-0.34,1,-1.0,-1.0,0.0,0.0602852705582637,0.0319378862405341,3.3579999999999997,0.3157490382841763
39,4.00+,-0.02-0.02,0.30-0.34,1,-1.0,-1.0,0.0,-0.1238695380904311,-0.0139787989655818,5.156,0.1699244495557736
39,4.00+,0.02-0.05,0.26-0.30,1,-1.0,-1.0,0.0,0.1920001435879434,0.033000764821445,7.8,0.1528205312292235
39,4.00+,0.05-0.08,0.22-0.26,1,-1.0,-1.0,0.0,0.5367587921577521,0.0675742335364631,8.72,0.1762338064401091
39,4.00+,<-0.02,<=0.22,1,-1.0,-1.0,0.0,-0.2973931818375661,-0.0294438076953537,7.9,0.0889375719192954
39,<1.55,-0.02-0.02,<=0.22,1,-1.0,-1.0,0.0,-0.060615956695832,0.0020218546651407,1.18,0.7960881722916677
61,1.70-2.00,<-0.02,0.30-0.34,1,-1.0,-1.0,0.0,-0.1494413355100331,-0.0510870152561582,1.914,0.4443880169749042
61,2.00-2.40,-0.02-0.02,0.34+,1,-1.0,-1.0,0.0,-0.0794333644859833,-0.0169518842300656,2.3920000000000003,0.3848522723720805
61,2.40-3.20,0.12+,0.34+,1,-1.0,-1.0,0.0,0.2712522668284638,0.120829634289121,2.7079999999999997,0.46944322999574
61,3.20-4.00,-0.02-0.02,0.26-0.30,1,-1.0,-1.0,0.0,-0.1233098480381404,-0.0185812005786551,3.876,0.2261842497321619
61,3.20-4.00,0.05-0.08,0.30-0.34,1,-1.0,-1.0,0.0,0.2121883474425321,0.0678714133522551,3.922,0.3090740304544957
61,3.20-4.00,0.12+,0.34+,1,-1.0,-1.0,0.0,0.5496123462996669,0.1548603848841843,3.882,0.3991788630344325
61,4.00+,0.02-0.05,0.26-0.30,1,-1.0,-1.0,0.0,0.1212072920176328,0.0317749864182361,5.468000000000001,0.2050488829586014
61,4.00+,0.02-0.05,0.34+,1,-1.0,-1.0,0.0,0.0955511152973456,0.0334643815982872,4.312,0.254070295755414
61,4.00+,0.05-0.08,0.22-0.26,1,-1.0,-1.0,0.0,0.7313834565440778,0.0714450221722597,11.02,0.1571128363470125
61,4.00+,0.05-0.08,0.30-0.34,1,-1.0,-1.0,0.0,0.1765343280101616,0.0542438157005098,4.268,0.2756640880998504
61,4.00+,0.05-0.08,0.34+,1,-1.0,-1.0,0.0,0.2095466587723298,0.0631537330123359,4.214,0.2870305312701304
61,4.00+,0.08-0.12,0.30-0.34,1,-1.0,-1.0,0.0,0.3901042207869345,0.094880000801464,4.654000000000001,0.2986902064432605
61,4.00+,0.08-0.12,0.34+,1,-1.0,-1.0,0.0,0.4499262858664228,0.1085419127226424,4.6240000000000006,0.3135653732410083
61,4.00+,0.12+,0.26-0.30,1,-1.0,-1.0,0.0,0.8439435776986133,0.1627170825223312,5.53,0.3334436849364581
61,4.00+,0.12+,0.30-0.34,1,-1.0,-1.0,0.0,0.5133993225157496,0.13036457231692,4.359999999999999,0.3471099363568233
78,1.55-1.70,0.02-0.05,0.22-0.26,1,-1.0,-1.0,0.0,0.0120276509677852,0.0355306222268934,1.558,0.6495684537662293
78,1.55-1.70,0.08-0.12,0.22-0.26,1,-1.0,-1.0,0.0,0.1076491119601512,0.1018466315019602,1.65,0.6713024920970614
78,1.70-2.00,<-0.02,0.30-0.34,1,-1.0,-1.0,0.0,-0.2322711906822985,-0.0923107623475849,1.91,0.4019522561872782
78,2.00-2.40,0.02-0.05,0.34+,1,-1.0,-1.0,0.0,0.0516347743666414,0.0455137553933047,2.268,0.4636837629482546
78,2.00-2.40,0.08-0.12,0.34+,1,-1.0,-1.0,0.0,0.1880965301469417,0.1005097004126495,2.35,0.5055729915518901
78,2.00-2.40,0.12+,0.34+,1,-1.0,-1.0,0.0,0.2477582898311441,0.1323802515981046,2.25,0.5545592399249529
78,2.40-3.20,-0.02-0.02,0.26-0.30,1,-1.0,-1.0,0.0,-0.008140560409063,0.0176649369233254,3.0,0.330619813196979
78,3.20-4.00,0.02-0.05,0.30-0.34,1,-1.0,-1.0,0.0,0.1301875721071814,0.0464105542773143,3.938,0.2869953204944594
78,3.20-4.00,0.08-0.12,0.30-0.34,1,-1.0,-1.0,0.0,0.2633996428576433,0.0883049326310578,3.59,0.35192190608848
78,4.00+,0.05-0.08,0.22-0.26,1,-1.0,-1.0,0.0,0.4797791850367991,0.051436205768989,10.27,0.1440875545313339
78,4.00+,0.08-0.12,0.34+,1,-1.0,-1.0,0.0,0.3147800209380249,0.0824950534935398,4.22,0.3115592466677784
78,<1.55,-0.02-0.02,0.26-0.30,1,-1.0,-1.0,0.0,-0.0763362271608364,-0.0171113793536923,1.53,0.6037018123131788
78,<1.55,0.02-0.05,0.26-0.30,1,-1.0,-1.0,0.0,-0.0180782154139226,0.0209657525070356,1.53,0.6417789441739068
135,1.55-1.70,0.05-0.08,0.30-0.34,1,-1.0,-1.0,0.0,0.070550537561431,0.0726630154743921,1.684,0.6357188465329163
135,1.70-2.00,0.12+,0.30-0.34,1,-1.0,-1.0,0.0,0.173043452210915,0.130101331367234,1.734,0.6764956471804585
135,2.40-3.20,0.05-0.08,0.34+,1,-1.0,-1.0,0.0,0.1099745308261794,0.0565438342452679,2.8979999999999997,0.3830139857923325
135,2.40-3.20,0.12+,0.34+,1,-1.0,-1.0,0.0,0.3310020962355855,0.1354320781878643,2.736,0.4864773743551117
135,4.00+,0.02-0.05,0.22-0.26,1,-1.0,-1.0,0.0,0.4202461104142998,0.0404483508359298,12.0,0.1183538425345249
135,4.00+,0.12+,0.30-0.34,1,-1.0,-1.0,0.0,0.5688631577107179,0.137817303784248,4.45,0.3525535185866781
140,1.70-2.00,0.08-0.12,0.26-0.30,1,-1.0,-1.0,0.0,0.1554384508629034,0.1153589024833574,1.75,0.6602505433502305
140,2.00-2.40,0.02-0.05,0.34+,1,-1.0,-1.0,0.0,0.0238147658273422,0.0324277068894505,2.376,0.4308984704660532
140,2.40-3.20,0.05-0.08,0.30-0.34,1,-1.0,-1.0,0.0,0.1179785799416954,0.0595083935716311,2.8633333333333333,0.3904465354860403
140,3.20-4.00,0.08-0.12,0.30-0.34,1,-1.0,-1.0,0.0,0.3289920005968305,0.0981361021403955,3.5,0.379712000170523
140,4.00+,-0.02-0.02,0.30-0.34,1,-1.0,-1.0,0.0,-0.0657167959626182,-0.0032343405769956,4.3999999999999995,0.2123370918266777
140,4.00+,0.02-0.05,0.26-0.30,1,-1.0,-1.0,0.0,0.1099837633013689,0.0287188361498071,5.562,0.1995655813199153
140,4.00+,0.05-0.08,0.30-0.34,1,-1.0,-1.0,0.0,0.3598940999452404,0.0771883424299477,5.31,0.2561005837938306
140,<1.55,0.08-0.12,0.26-0.30,1,-1.0,-1.0,0.0,0.0920592661388479,0.089902850962428,1.528,0.714698472603958
140,<1.55,<-0.02,0.26-0.30,1,-1.0,-1.0,0.0,-0.1786384808325573,-0.1050840381365519,1.54,0.5333516358230147
