league,outcome,odds_bucket,edge_bucket,prob_bucket,n,wins,hit_rate,avg_odds,avg_p_model,avg_p_market,avg_ev,actual_win_rate,calibration_gap,profit,roi,model_logloss,market_logloss,model_minus_market_logloss
Bundesliga,Over2.5,1.55-1.70,0.02-0.05,0.56-0.60,1.0,1.0,1.0,1.65,0.597802208020137,0.5714285714285715,-0.01362635676677404,1.0,-0.40219779197986305,0.6499999999999999,0.6499999999999999,0.5144953355624448,0.5596157879354225,-0.04512045237297779
Bundesliga,Over2.5,1.55-1.70,0.02-0.05,0.60-0.65,11.0,6.0,0.5454545454545454,1.611,0.6273149785273606,0.5916075286000535,0.010485872167207512,0.5454545454545454,0.08186043307281521,-1.3299999999999994,-0.12090909090909085,0.7025956066333833,0.6954851641806192,0.007110442452764043
Bundesliga,Over2.5,1.55-1.70,0.05-0.08,0.60-0.65,4.0,1.0,0.25,1.6745,0.6325949705373456,0.5696190679753268,0.05922308397572246,0.25,0.3825949705373456,-2.352,-0.588,0.8658810350705375,0.7633706401871286,0.10251039488340885
Bundesliga,Over2.5,1.55-1.70,0.05-0.08,0.65+,9.0,7.0,0.7777777777777778,1.5957222222222223,0.6653861273392329,0.599746992510944,0.06177324729271426,0.7777777777777778,-0.11239165043854493,2.171500000000001,0.24127777777777787,0.5570908349569694,0.5990804074259644,-0.04198957246899493
Bundesliga,Over2.5,1.55-1.70,0.08-0.12,0.65+,6.0,4.0,0.6666666666666666,1.607,0.6928325520895523,0.5922542716722243,0.11317157717591893,0.6666666666666666,0.02616588542288567,0.40200000000000014,0.06700000000000002,0.6231924355951615,0.6434597651225883,-0.020267329527426825
Bundesliga,Over2.5,1.55-1.70,0.12+,0.65+,20.0,20.0,1.0,1.6534,0.8063539783730785,0.5841971949663672,0.33406333446391034,1.0,-0.19364602162692146,13.068,0.6534,0.21696972481413118,0.5377343273541559,-0.32076460254002476
Bundesliga,Over2.5,1.55-1.70,<0.02,0.56-0.60,1.0,1.0,1.0,1.6960000000000002,0.5695858152802001,0.5631117980422463,-0.03398245728478044,1.0,-0.43041418471979986,0.6960000000000002,0.6960000000000002,0.5628458221435415,0.5742770949924716,-0.011431272848930085
Bundesliga,Over2.5,1.55-1.70,<0.02,0.60-0.65,4.0,4.0,1.0,1.6375,0.6075253825921278,0.5957365267448242,-0.005256363474405695,1.0,-0.39247461740787215,2.55,0.6375,0.49836693640364715,0.5179931264480223,-0.019626190044375158
Bundesliga,Over2.5,1.70-2.00,0.02-0.05,0.50-0.52,1.0,1.0,1.0,1.996,0.5005836291793917,0.479394887845592,-0.0008350761579342114,1.0,-0.4994163708206083,0.996,0.996,0.6919806029175369,0.7352306206899576,-0.04325001777242066
Bundesliga,Over2.5,1.70-2.00,0.02-0.05,0.52-0.56,4.0,3.0,0.75,1.9015,0.5409784021097401,0.5044918993909832,0.02845099448161742,0.75,-0.20902159789025987,1.7739999999999998,0.44349999999999995,0.6635721530529695,0.7074008774053087,-0.0438287243523392
Bundesliga,Over2.5,1.70-2.00,0.02-0.05,0.56-0.60,2.0,2.0,1.0,1.81,0.57464971816151,0.5346462002221165,0.040310641384593615,1.0,-0.42535028183849,1.6199999999999999,0.8099999999999999,0.5541380533191218,0.6261683375549216,-0.07203028423579982
Bundesliga,Over2.5,1.70-2.00,0.05-0.08,0.52-0.56,1.0,1.0,1.0,1.948,0.5445438988078892,0.49297241020301924,0.06077151487776811,1.0,-0.4554561011921108,0.948,0.948,0.6078067176222086,0.7073020695824784,-0.09949535196026982
Bundesliga,Over2.5,1.70-2.00,0.05-0.08,0.56-0.60,4.0,4.0,1.0,1.858,0.5794863688298748,0.5241122393626019,0.07645162224674074,1.0,-0.4205136311701252,3.4320000000000004,0.8580000000000001,0.5456524383886985,0.6463032296464146,-0.10065079125771614
Bundesliga,Over2.5,1.70-2.00,0.05-0.08,0.60-0.65,4.0,0.0,0.0,1.7461666666666666,0.6150341218881137,0.5475111906110351,0.07391038680457712,0.0,0.6150341218881137,-4.0,-1.0,0.9546153863690366,0.7931551163095367,0.16146027005949992
Bundesliga,Over2.5,1.70-2.00,0.08-0.12,0.60-0.65,7.0,1.0,0.14285714285714285,1.775642857142857,0.638732185332754,0.538725406423959,0.1338560449020568,0.14285714285714285,0.49587504247561115,-5.276,-0.7537142857142857,0.9377918800028062,0.7441540470911558,0.19363783291165038
Bundesliga,Over2.5,1.70-2.00,0.08-0.12,0.65+,2.0,1.0,0.5,1.71,0.6524792084396561,0.5569896941757113,0.11574810418941972,0.5,0.15247920843965612,-0.29600000000000004,-0.14800000000000002,0.7451407689536014,0.6946878547384605,0.050452914215140865
Bundesliga,Over2.5,1.70-2.00,0.12+,0.60-0.65,4.0,1.0,0.25,1.881,0.6453875446024144,0.5082400893019817,0.2139363646735603,0.25,0.39538754460241443,-2.0940000000000003,-0.5235000000000001,0.8856408071285047,0.7087040089839561,0.17693679814454855
Bundesliga,Over2.5,1.70-2.00,0.12+,0.65+,39.0,38.0,0.9743589743589743,1.816230769230769,0.7661704241776495,0.5331555062249547,0.39067059044587965,0.9743589743589743,-0.20818855018132487,30.064999999999998,0.7708974358974359,0.29051013093411915,0.6340700922113186,-0.34355996127719945
Bundesliga,Over2.5,1.70-2.00,<0.02,0.50-0.52,1.0,1.0,1.0,1.9080000000000001,0.5037920629633806,0.500784929356358,-0.0387647438658697,1.0,-0.49620793703661936,0.9080000000000001,0.9080000000000001,0.685591669527981,0.6915785527873186,-0.005986883259337605
Bundesliga,Over2.5,1.70-2.00,<0.02,0.52-0.56,3.0,1.0,0.3333333333333333,1.7773333333333332,0.5450065413835518,0.5389958818832795,-0.031442297741491466,0.3333333333333333,0.21167320805021844,-1.2080000000000002,-0.40266666666666673,0.7353742275076888,0.7241176313107646,0.011256596196924207
Bundesliga,Over2.5,1.70-2.00,<0.02,0.56-0.60,1.0,1.0,1.0,1.732,0.5676407858907075,0.5498960498960499,-0.016846158837294567,1.0,-0.43235921410929246,0.732,0.732,0.5662664795288658,0.5980260188074071,-0.03175953927854136
Bundesliga,Over2.5,2.00-2.40,0.02-0.05,0.50-0.52,2.0,2.0,1.0,2.0410000000000004,0.5120132958605492,0.4699885098704528,0.04488943950973279,1.0,-0.4879867041394508,2.0820000000000003,1.0410000000000001,0.6694486968046756,0.7552011139275281,-0.08575241712285253
Bundesliga,Over2.5,2.00-2.40,0.05-0.08,0.50-0.52,1.0,0.0,0.0,2.2,0.5,0.43269726663228464,0.10000000000000009,0.0,0.5,-1.0,-1.0,0.6931471805599453,0.5668621964561897,0.12628498410375555
Bundesliga,Over2.5,2.00-2.40,0.05-0.08,0.52-0.56,1.0,1.0,1.0,2.008,0.5321203805348339,0.47681083897863474,0.06849772411394639,1.0,-0.4678796194651661,1.008,1.008,0.6308855360369541,0.7406354307321785,-0.10974989469522445
Bundesliga,Over2.5,2.00-2.40,0.08-0.12,0.50-0.52,1.0,1.0,1.0,2.2,0.5147065821173558,0.4335736354273944,0.13235448065818267,1.0,-0.48529341788264424,1.2000000000000002,1.2000000000000002,0.664158284145326,0.8356936346089435,-0.17153535046361756
Bundesliga,Over2.5,2.00-2.40,0.08-0.12,0.52-0.56,2.0,2.0,1.0,2.11,0.5536920350331527,0.4611531684396006,0.16813709092598683,1.0,-0.4463079649668473,2.2199999999999998,1.1099999999999999,0.5911572597150088,0.7741207287080929,-0.18296346899308413
Bundesliga,Over2.5,2.00-2.40,0.12+,0.65+,3.0,2.0,0.6666666666666666,2.099333333333333,0.7062482336037696,0.4593837378386642,0.4854248078741059,0.6666666666666666,0.03958156693710302,1.2639999999999998,0.4213333333333333,0.5756287484243129,0.7364981914055452,-0.1608694429812323
Bundesliga,Over2.5,<1.55,0.12+,0.65+,4.0,4.0,1.0,1.55,0.8429870327514648,0.6074691053594007,0.30662990076477054,1.0,-0.1570129672485352,2.2,0.55,0.17080926812385777,0.4985209644317857,-0.3277116963079279
Bundesliga,Under2.5,1.55-1.70,0.05-0.08,0.60-0.65,1.0,1.0,1.0,1.65,0.6485714268684387,0.5714285714285715,0.07014285433292389,1.0,-0.3514285731315613,0.6499999999999999,0.6499999999999999,0.432983139627812,0.5596157879354225,-0.12663264830761056
Bundesliga,Under2.5,1.55-1.70,0.12+,0.65+,1.0,1.0,1.0,1.65,0.7932773092213798,0.5714285714285715,0.30890756021527666,1.0,-0.20672269077862016,0.6499999999999999,0.6499999999999999,0.2315824221068519,0.5596157879354225,-0.3280333658285707
Bundesliga,Under2.5,1.70-2.00,0.02-0.05,0.50-0.52,3.0,0.0,0.0,1.9513333333333334,0.5140711766578616,0.4911301599349643,0.0029724330778369743,0.0,0.5140711766578616,-3.0,-1.0,0.7218048419841923,0.6756426172775551,0.04616222470663711
Bundesliga,Under2.5,1.70-2.00,0.08-0.12,0.60-0.65,7.0,4.0,0.5714285714285714,1.8591428571428572,0.6213466707762946,0.5203597364398875,0.15471493710838505,0.5714285714285714,0.04991809934772318,0.3600000000000001,0.05142857142857144,0.6758494883455627,0.669598958935546,0.006250529410016692
Bundesliga,Under2.5,1.70-2.00,0.08-0.12,0.65+,1.0,1.0,1.0,1.762,0.6502264643036653,0.5413846954711087,0.1456990301030583,1.0,-0.34977353569633474,0.762,0.762,0.4304345701509239,0.6136251706331385,-0.18319060048221458
Bundesliga,Under2.5,1.70-2.00,0.12+,0.60-0.65,5.0,4.0,0.8,1.9546,0.6204146522638037,0.4879287935328137,0.21241008498307373,0.8,-0.1795853477361964,2.7749999999999995,0.5549999999999999,0.5712880495759993,0.7030577857041995,-0.1317697361282002
Bundesliga,Under2.5,1.70-2.00,0.12+,0.65+,15.0,15.0,1.0,1.856,0.7792690504379369,0.5221500223746008,0.44525819658921,1.0,-0.22073094956206307,12.84,0.856,0.24966727198154848,0.651721639914763,-0.4020543679332145
Bundesliga,Under2.5,1.70-2.00,<0.02,0.50-0.52,5.0,5.0,1.0,1.9327999999999999,0.5100584395778185,0.4965623154813589,-0.014191313916101378,1.0,-0.4899415604221815,4.664,0.9328,0.6732914067778752,0.7000603525926111,-0.02676894581473588
Bundesliga,Under2.5,2.00-2.40,0.02-0.05,0.50-0.52,2.0,1.0,0.5,2.01,0.512174165454812,0.4769668916503256,0.029461990744024225,0.5,0.01217416545481198,0.008000000000000007,0.0040000000000000036,0.6853896153740515,0.6967155644327974,-0.011325949058745843
Bundesliga,Under2.5,2.00-2.40,0.05-0.08,0.50-0.52,4.0,0.0,0.0,2.1502499999999998,0.5093819711789858,0.44399218262676965,0.09524395992009987,0.0,0.5093819711789858,-4.0,-1.0,0.7121234713286503,0.5870453012225343,0.125078170106116
Bundesliga,Under2.5,2.00-2.40,0.05-0.08,0.52-0.56,1.0,0.0,0.0,2.116,0.5231994762799692,0.4501039501039501,0.107090091808415,0.0,0.5231994762799692,-1.0,-1.0,0.7406570648254954,0.5980260188074071,0.1426310460180883
Bundesliga,Under2.5,2.00-2.40,0.08-0.12,0.52-0.56,2.0,1.0,0.5,2.181,0.5374045672061546,0.437604263748984,0.17210517524642344,0.5,0.03740456720615459,0.19799999999999995,0.09899999999999998,0.6929038703456791,0.7069727871350118,-0.014068916789332642
Bundesliga,Under2.5,2.00-2.40,0.12+,0.56-0.60,2.0,2.0,1.0,2.175,0.5931488347053527,0.43287210172026924,0.2900557086467742,1.0,-0.40685116529464727,2.35,1.175,0.5223141311750941,0.8373623282885119,-0.3150481971134178
Bundesliga,Under2.5,2.00-2.40,0.12+,0.60-0.65,2.0,0.0,0.0,2.181,0.6200452724894685,0.4367266554911879,0.35220745115708796,0.0,0.6200452724894685,-2.0,-1.0,0.9685793416663078,0.5739916321739233,0.3945877094923844
Bundesliga,Under2.5,2.00-2.40,0.12+,0.65+,14.0,14.0,1.0,2.1021428571428573,0.7508960954914431,0.4630397858988186,0.5782859282360258,1.0,-0.2491039045085569,15.43,1.102142857142857,0.2865096287169789,0.7702625268833748,-0.48375289816639594
La Liga,Over2.5,1.70-2.00,0.12+,0.65+,20.0,12.0,0.6,1.8602000000000003,0.738248440254084,0.5191813680761482,0.37392325780142815,0.6,0.138248440254084,2.254000000000001,0.11270000000000005,0.6336091505351549,0.6782098591140652,-0.0446007085789103
La Liga,Over2.5,2.00-2.40,0.12+,0.60-0.65,4.0,2.0,0.5,2.05175,0.6122697124522722,0.4685483790213865,0.25618238731567894,0.5,0.11226971245227224,0.11500000000000021,0.028750000000000053,0.7115494840397384,0.694649738954804,0.016899745084934414
La Liga,Over2.5,2.00-2.40,0.12+,0.65+,13.0,9.0,0.6923076923076923,2.0436923076923073,0.722800184643568,0.4690482115717616,0.47713872580235084,0.6923076923076923,0.0304924923358757,5.3759999999999994,0.4135384615384615,0.5781601525375765,0.7183298853487396,-0.14016973281116318
La Liga,Under2.5,1.55-1.70,0.12+,0.65+,1.0,1.0,1.0,1.7,0.7857585170689751,0.5526315789473685,0.33578947901725775,1.0,-0.21424148293102485,0.7,0.7,0.24110576394993832,0.5930637220029626,-0.3519579580530243
La Liga,Under2.5,1.70-2.00,0.12+,0.65+,16.0,15.0,0.9375,1.80375,0.7901983333514617,0.5408043618842935,0.42479278693076644,0.9375,-0.14730166664853828,11.05,0.690625,1.1011131367975246,0.6227228920415018,0.4783902447560229
La Liga,Under2.5,2.00-2.40,0.12+,0.56-0.60,8.0,2.0,0.25,2.06,0.591549295774648,0.4639269882785486,0.21859154929577476,0.25,0.341549295774648,-3.854,-0.48175,0.802790599980618,0.6631515438003128,0.13963905618030514
La Liga,Under2.5,2.00-2.40,0.12+,0.65+,5.0,5.0,1.0,2.07,0.7501718781721146,0.4732906698130514,0.5529662255611012,1.0,-0.24982812182788539,5.35,1.0699999999999998,0.287507207377392,0.7480972351918991,-0.4605900278145071
Ligue 1,Over2.5,1.55-1.70,0.02-0.05,0.56-0.60,2.0,2.0,1.0,1.69,0.5953814634548016,0.5645380983237376,0.006191121965388735,1.0,-0.4046185365451984,1.3799999999999997,0.6899999999999998,0.5185532417635359,0.5717622049654094,-0.053208963201873516
Ligue 1,Over2.5,1.55-1.70,0.02-0.05,0.60-0.65,6.0,4.0,0.6666666666666666,1.6563333333333334,0.6155978213985615,0.5754509287648987,0.019645163827447427,0.6666666666666666,-0.05106884526810518,0.6239999999999997,0.10399999999999994,0.6439847984146386,0.6548111827232362,-0.010826384308597614
Ligue 1,Over2.5,1.55-1.70,0.05-0.08,0.60-0.65,2.0,0.0,0.0,1.694,0.6150454481872516,0.5628376484854167,0.041886210346066544,0.0,0.6150454481872516,-2.0,-1.0,0.9546301268330817,0.8274555547053265,0.12717457212775518
Ligue 1,Over2.5,1.55-1.70,0.05-0.08,0.65+,1.0,1.0,1.0,1.594,0.6769342312946216,0.5980837115481592,0.07903316468362687,1.0,-0.3230657687053784,0.5940000000000001,0.5940000000000001,0.3901811580642647,0.5140245489621255,-0.12384339089786078
Ligue 1,Over2.5,1.55-1.70,0.08-0.12,0.65+,2.0,2.0,1.0,1.6824999999999999,0.6729800273269632,0.5680443290899353,0.13228566131413388,1.0,-0.32701997267303684,1.3649999999999998,0.6824999999999999,0.39603967819338953,0.5655599517752505,-0.169520273581861
Ligue 1,Over2.5,1.55-1.70,0.12+,0.65+,1.0,1.0,1.0,1.6549999999999998,0.820901138553096,0.5772669220945084,0.35859138430537363,1.0,-0.179098861446904,0.6549999999999998,0.6549999999999998,0.19735259267176306,0.5494505161585718,-0.3520979234868087
Ligue 1,Over2.5,1.55-1.70,<0.02,0.56-0.60,1.0,0.0,0.0,1.672,0.588884562133307,0.5719406041986688,-0.01538501211311083,0.0,0.588884562133307,-1.0,-1.0,0.8888812332008186,0.8484933177919775,0.040387915408841124
Ligue 1,Over2.5,1.70-2.00,0.02-0.05,0.56-0.60,11.0,6.0,0.5454545454545454,1.7754090909090912,0.5776297697447685,0.5377544414347663,0.025302652211916975,0.5454545454545454,0.032175224290223126,-0.3349999999999993,-0.03045454545454539,0.6930053134280866,0.6895881806417786,0.0034171327863079526
Ligue 1,Over2.5,1.70-2.00,0.05-0.08,0.56-0.60,11.0,3.0,0.2727272727272727,1.8392727272727276,0.5870274846576361,0.5223459499208359,0.0792959439334438,0.2727272727272727,0.3143002119303634,-5.504,-0.5003636363636363,0.7843771506148586,0.7144879878513566,0.06988916276350199
Ligue 1,Over2.5,1.70-2.00,0.05-0.08,0.60-0.65,7.0,5.0,0.7142857142857143,1.7421428571428572,0.6081556053646623,0.5466915671617059,0.059460540704659746,0.7142857142857143,-0.10613010892105201,1.7430000000000003,0.24900000000000005,0.6235742550625505,0.6639661334511141,-0.04039187838856362
Ligue 1,Over2.5,1.70-2.00,0.08-0.12,0.56-0.60,12.0,7.0,0.5833333333333334,1.9272619047619048,0.590488069950272,0.49731136891594724,0.1376819170839408,0.5833333333333334,0.007154736616938662,1.4451428571428568,0.1204285714285714,0.6686718516020423,0.6889162036118219,-0.020244352009779587
Ligue 1,Over2.5,1.70-2.00,0.08-0.12,0.60-0.65,14.0,9.0,0.6428571428571429,1.8684387755102045,0.607330855278658,0.5124774230168334,0.13470740571970385,0.6428571428571429,-0.03552628757848486,2.744142857142857,0.19601020408163267,0.6545486991675948,0.6819685825950726,-0.02741988342747781
Ligue 1,Over2.5,1.70-2.00,0.12+,0.65+,4.0,3.0,0.75,1.896,0.7372929500975296,0.5036661888212055,0.3936020646863636,0.75,-0.012707049902470402,1.8499999999999996,0.4624999999999999,0.6786159390092172,0.7371128779445131,-0.05849693893529584
Ligue 1,Over2.5,1.70-2.00,<0.02,0.52-0.56,1.0,1.0,1.0,1.7440000000000002,0.5547559481332694,0.5463059313215399,-0.032505626455577974,1.0,-0.44524405186673055,0.7440000000000002,0.7440000000000002,0.5892269950398598,0.604576146378669,-0.015349151338809208
Ligue 1,Under2.5,1.55-1.70,0.02-0.05,0.60-0.65,1.0,0.0,0.0,1.6733333333333331,0.6218247127448142,0.5767284991568298,0.04052001932632221,0.0,0.6218247127448142,-1.0,-1.0,0.9723974679514673,0.8597414598659417,0.11265600808552556
Ligue 1,Under2.5,1.55-1.70,0.12+,0.65+,2.0,1.0,0.5,1.6470000000000002,0.999999,0.5785266471227457,0.6469983530000001,0.5,0.49999899999999997,-0.37999999999999967,-0.18999999999999984,6.907755778968009,0.6885221761785941,6.219233602789415
Ligue 1,Under2.5,1.55-1.70,<0.02,0.56-0.60,1.0,1.0,1.0,1.69,0.5720427522582945,0.5691523263224983,-0.03324774868348235,1.0,-0.4279572477417055,0.69,0.69,0.5585415486850566,0.5636071718565336,-0.005065623171477074
Ligue 1,Under2.5,1.70-2.00,0.02-0.05,0.50-0.52,2.0,1.0,0.5,1.9825714285714287,0.5120418478659219,0.4838323812489434,0.01514630280229734,0.5,0.012041847865921884,-0.03200000000000003,-0.016000000000000014,0.6916213035230682,0.6816131030692918,0.010008200453776372
Ligue 1,Under2.5,1.70-2.00,0.02-0.05,0.52-0.56,11.0,5.0,0.45454545454545453,1.8969090909090909,0.5353922509871064,0.5045297961123218,0.014858515552870544,0.45454545454545453,0.08084679644165188,-1.6560000000000001,-0.15054545454545457,0.68731996133742,0.6827108376772096,0.004609123660210379
Ligue 1,Under2.5,1.70-2.00,0.02-0.05,0.56-0.60,3.0,3.0,1.0,1.798,0.5676211619733154,0.532301245185499,0.020197290070211094,1.0,-0.43237883802668464,2.394,0.798,0.5663764469967877,0.6309623451995754,-0.0645858982027877
Ligue 1,Under2.5,1.70-2.00,0.05-0.08,0.52-0.56,8.0,6.0,0.75,1.9627499999999998,0.5494630639005377,0.48865405950647606,0.0783935263567711,0.75,-0.20053693609946233,3.7819999999999996,0.47274999999999995,0.6493294149862514,0.7062341091233078,-0.056904694137056344
Ligue 1,Under2.5,1.70-2.00,0.05-0.08,0.56-0.60,3.0,1.0,0.3333333333333333,1.9426666666666665,0.5610740350286343,0.4947057844900677,0.08997128313237217,0.3333333333333333,0.22774070169530097,-1.066,-0.35533333333333333,0.7406812150778864,0.6836849132225514,0.056996301855334996
Ligue 1,Under2.5,1.70-2.00,0.12+,0.65+,3.0,2.0,0.6666666666666666,1.846,0.8941865338815408,0.5201236260632408,0.6451660933071646,0.6666666666666666,0.22751986721487416,0.8160000000000001,0.272,4.732471351704054,0.723916077025999,4.008555274678055
Ligue 1,Under2.5,1.70-2.00,<0.02,0.50-0.52,2.0,2.0,1.0,1.92275,0.5145954031983935,0.500868356775878,-0.010577398391376003,1.0,-0.4854045968016065,1.8455,0.92275,0.664376315700953,0.6915061470293786,-0.027129831328425613
Ligue 1,Under2.5,1.70-2.00,<0.02,0.52-0.56,11.0,9.0,0.8181818181818182,1.8056363636363635,0.5418267014816852,0.5294021321662307,-0.022104113727022114,0.8181818181818182,-0.276355116700133,5.2540000000000004,0.4776363636363637,0.6486438266422997,0.6596231751580433,-0.010979348515743559
Premier League,Over2.5,1.55-1.70,0.02-0.05,0.56-0.60,1.0,1.0,1.0,1.67,0.594361661030696,0.5628272251308901,-0.007416026078737703,1.0,-0.405638338969304,0.6699999999999999,0.6699999999999999,0.5202672879436523,0.5747825804789123,-0.054515292535259996
Premier League,Over2.5,1.55-1.70,0.05-0.08,0.60-0.65,4.0,4.0,1.0,1.67,0.6261023923369576,0.5707410873140618,0.04549175312698267,1.0,-0.37389760766304236,2.6799999999999997,0.6699999999999999,0.468278615726175,0.5608756213153681,-0.09259700558919304
Premier League,Over2.5,1.55-1.70,0.05-0.08,0.65+,2.0,1.0,0.5,1.6684999999999999,0.6528876248151605,0.5739603148600034,0.08929591957779104,0.5,0.1528876248151605,-0.3480000000000001,-0.17400000000000004,0.735954454713836,0.697010775045265,0.03894367966857104
Premier League,Over2.5,1.55-1.70,0.08-0.12,0.65+,8.0,5.0,0.625,1.6607500000000002,0.6703742431300519,0.5713188019887925,0.11321920528699819,0.625,0.045374243130051894,0.2899999999999998,0.03624999999999998,0.6627938707026996,0.6690110562624977,-0.006217185559798111
Premier League,Over2.5,1.55-1.70,0.12+,0.65+,33.0,31.0,0.9393939393939394,1.6210757575757575,0.8197289558425723,0.5831732376483166,0.3286235386075667,0.9393939393939394,-0.11966498355136712,17.2615,0.5230757575757576,0.29167479030360793,0.561678184545822,-0.27000339424221403
Premier League,Over2.5,1.70-2.00,0.02-0.05,0.52-0.56,1.0,0.0,0.0,1.918,0.5342008347741991,0.5018181818181818,0.024597201096913768,0.0,0.5342008347741991,-1.0,-1.0,0.7640007136635991,0.6967901718384464,0.06721054182515274
Premier League,Over2.5,1.70-2.00,0.02-0.05,0.56-0.60,5.0,5.0,1.0,1.7580000000000002,0.5891457157868605,0.5497873654960885,0.03568030998156626,1.0,-0.4108542842131395,3.79,0.758,0.5291015472627629,0.5983659978198383,-0.06926445055707542
Premier League,Over2.5,1.70-2.00,0.05-0.08,0.52-0.56,1.0,1.0,1.0,1.9,0.5533581020844522,0.5013123359580053,0.051380393960459125,1.0,-0.44664189791554776,0.8999999999999999,0.8999999999999999,0.5917499244982553,0.690525947080071,-0.09877602258181573
Premier League,Over2.5,1.70-2.00,0.05-0.08,0.56-0.60,6.0,6.0,1.0,1.875,0.5736565393979732,0.5103516656383412,0.07525910852831452,1.0,-0.42634346060202677,5.25,0.875,0.5557969344982253,0.6731626446369142,-0.1173657101386889
Premier League,Over2.5,1.70-2.00,0.05-0.08,0.60-0.65,4.0,0.0,0.0,1.768,0.6110738940844231,0.5408529558040194,0.08037464336269429,0.0,0.6110738940844231,-4.0,-1.0,0.9444262922317088,0.7785930414562945,0.16583325077541433
Premier League,Over2.5,1.70-2.00,0.08-0.12,0.52-0.56,1.0,1.0,1.0,1.99,0.556964097573207,0.4693333333333332,0.10835855417068196,1.0,-0.443035902426793,0.99,0.99,0.5852544979128784,0.7564420309322593,-0.17118753301938083
Premier League,Over2.5,1.70-2.00,0.08-0.12,0.60-0.65,12.0,8.0,0.6666666666666666,1.7921666666666667,0.637628248716361,0.5316411085533242,0.14259491261029375,0.6666666666666666,-0.029038417950305595,2.2660000000000005,0.18883333333333338,0.6354136698497787,0.6700646258949264,-0.034650956045147785
Premier League,Over2.5,1.70-2.00,0.08-0.12,0.65+,1.0,1.0,1.0,1.7100000000000002,0.6677041433601547,0.5574534161490683,0.14177408514586465,1.0,-0.3322958566398453,0.7100000000000002,0.7100000000000002,0.40391010271573924,0.5843763376160748,-0.18046623490033553
Premier League,Over2.5,1.70-2.00,0.12+,0.60-0.65,8.0,5.0,0.625,1.94175,0.6381112655884218,0.4933098018888369,0.23895694951186797,0.625,0.013111265588421794,1.626,0.20325,0.648860056590957,0.6864388090013971,-0.037578752410440064
Premier League,Over2.5,1.70-2.00,0.12+,0.65+,40.0,32.0,0.8,1.8140250000000002,0.7811271580319754,0.5289936859295709,0.41684990890254003,0.8,-0.018872841968024634,18.035,0.450875,0.4725388688388968,0.6592845956111272,-0.1867457267722304
Premier League,Over2.5,2.00-2.40,0.02-0.05,0.50-0.52,1.0,0.0,0.0,2.036,0.5129393737898641,0.4692387904066736,0.04434456503616335,0.0,0.5129393737898641,-1.0,-1.0,0.7193666745098208,0.6334430583329155,0.08592361617690536
Premier League,Over2.5,2.00-2.40,0.05-0.08,0.50-0.52,1.0,0.0,0.0,2.074,0.5111187249901602,0.4601769911504425,0.060060235629592285,0.0,0.5111187249901602,-1.0,-1.0,0.7156356103767869,0.6165139545390295,0.09912165583775745
Premier League,Over2.5,2.00-2.40,0.08-0.12,0.52-0.56,1.0,1.0,1.0,2.13,0.552436874463008,0.45801526717557256,0.1766905426062071,1.0,-0.44756312553699196,1.13,1.13,0.5934161064833527,0.7808527609790508,-0.18743665449569802
Premier League,Over2.5,2.00-2.40,0.12+,0.60-0.65,3.0,2.0,0.6666666666666666,2.127333333333333,0.6180002099945744,0.4480208764408143,0.3145841642213829,0.6666666666666666,-0.04866645667209224,1.242,0.414,0.6193362092173276,0.7308677480157622,-0.11153153879843458
Premier League,Over2.5,2.00-2.40,0.12+,0.65+,7.0,7.0,1.0,2.143214285714286,0.7558804853987661,0.4467790584631896,0.6190883845579039,1.0,-0.24411951460123393,8.0025,1.1432142857142857,0.2813566015861477,0.8065901684037048,-0.5252335668175571
Premier League,Over2.5,<1.55,0.02-0.05,0.60-0.65,2.0,1.0,0.5,1.519,0.6435437977703481,0.6192870985419203,-0.02248777869119256,0.5,0.1435437977703481,-0.4860000000000002,-0.2430000000000001,0.7228212823969458,0.7165711615917951,0.0062501208051506385
Premier League,Over2.5,<1.55,0.02-0.05,0.65+,3.0,2.0,0.6666666666666666,1.4426666666666665,0.6899383021796034,0.6514762464982561,-0.00510096134407149,0.6666666666666666,0.02327163551293676,-0.17200000000000015,-0.05733333333333338,0.6107700607976786,0.600003494123706,0.010766566673972577
Premier League,Over2.5,<1.55,0.05-0.08,0.65+,3.0,3.0,1.0,1.5006666666666666,0.6796615619037291,0.6188787451081567,0.019433389122062678,1.0,-0.32033843809627094,1.502,0.5006666666666667,0.3863119281866089,0.4800400938578402,-0.09372816567123127
Premier League,Over2.5,<1.55,0.12+,0.65+,31.0,26.0,0.8387096774193549,1.468258064516129,0.8326964113460925,0.641580970947548,0.22177295702451666,0.8387096774193549,-0.006013266073262358,7.196,0.2321290322580645,0.394956297518701,0.5389786019031595,-0.1440223043844585
Premier League,Under2.5,1.55-1.70,0.02-0.05,0.56-0.60,2.0,1.0,0.5,1.6799999999999997,0.5991666122294113,0.5679905993322416,0.006595607977271212,0.5,0.09916661222941126,-0.3080000000000003,-0.15400000000000014,0.7139588992353412,0.7126674105656328,0.0012914886697084071
Premier League,Under2.5,1.55-1.70,0.02-0.05,0.60-0.65,3.0,2.0,0.6666666666666666,1.6546666666666667,0.6222828317244676,0.576433203888405,0.02934286904079501,0.6666666666666666,-0.044383834942198996,0.30000000000000004,0.10000000000000002,0.6288889351984541,0.6480731746164089,-0.019184239417954774
Premier League,Under2.5,1.55-1.70,0.05-0.08,0.60-0.65,1.0,1.0,1.0,1.636,0.6380331455311399,0.5841382816471785,0.043822226088944705,1.0,-0.3619668544688601,0.6359999999999999,0.6359999999999999,0.44936504474365224,0.5376175405403033,-0.08825249579665106
Premier League,Under2.5,1.55-1.70,0.12+,0.65+,7.0,7.0,1.0,1.6600000000000001,0.7971169788659104,0.5684229212203858,0.323034899524732,1.0,-0.20288302113408963,4.62,0.66,0.22688249635182126,0.565232731487551,-0.3383502351357298
Premier League,Under2.5,1.70-2.00,0.02-0.05,0.50-0.52,3.0,0.0,0.0,1.9913333333333334,0.5130419845088672,0.48257535405323065,0.021654160535987454,0.0,0.5130419845088672,-3.0,-1.0,0.7195959677612546,0.6589169911816418,0.06067897657961274
Premier League,Under2.5,1.70-2.00,0.02-0.05,0.52-0.56,4.0,4.0,1.0,1.9115,0.5383732015303737,0.5024134453429365,0.029059251047218293,1.0,-0.4616267984696263,3.646,0.9115,0.6193715557463557,0.6883435875226409,-0.06897203177628519
Premier League,Under2.5,1.70-2.00,0.02-0.05,0.56-0.60,8.0,2.0,0.25,1.8087499999999999,0.5748459372169014,0.5289314343134527,0.03947236461508899,0.25,0.32484593721690136,-4.4719999999999995,-0.5589999999999999,0.7685404845763371,0.7119936908155149,0.05654679376082217
Premier League,Under2.5,1.70-2.00,0.05-0.08,0.52-0.56,4.0,1.0,0.25,1.9535,0.54680165334448,0.4910844450472271,0.06817407443619738,0.25,0.29680165334448005,-2.022,-0.5055,0.7447703184140901,0.6881896712490246,0.0565806471650655
Premier League,Under2.5,1.70-2.00,0.05-0.08,0.56-0.60,15.0,9.0,0.6,1.8669333333333331,0.5800067364563165,0.5133437829173658,0.08233505741022175,0.6,-0.01999326354368347,1.89,0.126,0.6737659244027566,0.6944908405766693,-0.0207249161739127
Premier League,Under2.5,1.70-2.00,0.05-0.08,0.60-0.65,9.0,5.0,0.5555555555555556,1.7624444444444445,0.6094324959969014,0.5414802520014702,0.07403957758784724,0.5555555555555556,0.05387694044134583,-0.18199999999999972,-0.02022222222222219,0.6970728285994494,0.6889523990575711,0.008120429541878305
Premier League,Under2.5,1.70-2.00,0.08-0.12,0.56-0.60,10.0,4.0,0.4,1.9436,0.590300758058951,0.4922199148146399,0.147270178871169,0.4,0.19030075805895097,-2.2780000000000005,-0.22780000000000006,0.7583935766986254,0.6855607530611694,0.07283282363745602
Premier League,Under2.5,1.70-2.00,0.08-0.12,0.60-0.65,15.0,12.0,0.8,1.8721333333333336,0.6117355637326102,0.5115484445014153,0.1449779367109541,0.8,-0.18826443626738987,7.564,0.5042666666666666,0.5809733621478688,0.6861444494645862,-0.10517108731671743
Premier League,Under2.5,1.70-2.00,0.12+,0.60-0.65,6.0,6.0,1.0,1.9136666666666668,0.6315780005351134,0.49807994910508957,0.20819401831618822,1.0,-0.36842199946488663,5.482000000000001,0.9136666666666668,0.4598803625726948,0.6975089766296269,-0.23762861405693203
Premier League,Under2.5,1.70-2.00,0.12+,0.65+,14.0,14.0,1.0,1.8860714285714286,0.7559531052888484,0.5047273251679615,0.42566465066376985,1.0,-0.2440468947111516,12.405000000000001,0.8860714285714286,0.28020712146176574,0.6849186872435197,-0.40471156578175393
Premier League,Under2.5,2.00-2.40,0.02-0.05,0.50-0.52,5.0,3.0,0.6,2.0467999999999997,0.5062308838245626,0.46688161878317025,0.036052509975669625,0.6,-0.09376911617543737,1.1759999999999993,0.23519999999999985,0.6834713051839182,0.7165766201182592,-0.03310531493434099
Premier League,Under2.5,2.00-2.40,0.05-0.08,0.50-0.52,1.0,0.0,0.0,2.184,0.507646419927368,0.4356589147286821,0.10869978112137191,0.0,0.507646419927368,-1.0,-1.0,0.7085581619171145,0.5720964491590318,0.13646171275808272
Premier League,Under2.5,2.00-2.40,0.05-0.08,0.52-0.56,5.0,3.0,0.6,2.0388,0.5337654471418185,0.4673607613240437,0.08807971148381437,0.6,-0.06623455285818147,1.1520000000000001,0.23040000000000002,0.6852288317649948,0.7148933101112583,-0.029664478346263512
Premier League,Under2.5,2.00-2.40,0.08-0.12,0.50-0.52,3.0,2.0,0.6666666666666666,2.3653333333333335,0.5071852367986213,0.4020681585902588,0.1996849497269059,0.6666666666666666,-0.15948142986804537,1.7360000000000002,0.5786666666666668,0.6813705014909796,0.7858072866816391,-0.10443678519065958
Premier League,Under2.5,2.00-2.40,0.08-0.12,0.52-0.56,9.0,1.0,0.1111111111111111,2.1902222222222223,0.5368756013340906,0.43630185273530936,0.17529375801878258,0.1111111111111111,0.4257644902229795,-6.77,-0.7522222222222221,0.7596797098494983,0.6043808651573208,0.15529884469217747
Premier League,Under2.5,2.00-2.40,0.08-0.12,0.56-0.60,15.0,8.0,0.5333333333333333,2.0511666666666666,0.5744588899165769,0.46630103495349307,0.17808068359389742,0.5333333333333333,0.04112555658324357,1.3999999999999995,0.0933333333333333,0.6998098699740457,0.7013585144794642,-0.0015486445054184728
Premier League,Under2.5,2.00-2.40,0.12+,0.52-0.56,1.0,1.0,1.0,2.396,0.5394855568286759,0.39280283831728335,0.2926073941615075,1.0,-0.46051444317132406,1.396,1.396,0.6171392660442062,0.9344474766692683,-0.3173082106250621
Premier League,Under2.5,2.00-2.40,0.12+,0.56-0.60,41.0,26.0,0.6341463414634146,2.198975609756098,0.5841562372797954,0.43478258962139144,0.284205016823849,0.6341463414634146,-0.049990104183619266,16.517999999999997,0.4028780487804877,0.6609886144358929,0.7437019575822508,-0.08271334314635792
Premier League,Under2.5,2.00-2.40,0.12+,0.60-0.65,13.0,8.0,0.6153846153846154,2.0662692307692305,0.6090206184373881,0.46286495144105155,0.2582119471500871,0.6153846153846154,-0.006363996947227335,3.4960000000000004,0.26892307692307693,0.6613849412597949,0.7115138949087397,-0.050128953648944874
Premier League,Under2.5,2.00-2.40,0.12+,0.65+,34.0,33.0,0.9705882352941176,2.1998529411764705,0.747822594573147,0.4334281269383099,0.6438971959025871,0.9705882352941176,-0.2227656407209706,38.599,1.1352647058823528,0.6987746757783263,0.8298843825981256,-0.13110970681979928
Serie A,Over2.5,1.55-1.70,0.02-0.05,0.56-0.60,1.0,1.0,1.0,1.65,0.595546553685115,0.5657894736842105,-0.017348186419560263,1.0,-0.404453446314885,0.6499999999999999,0.6499999999999999,0.5182757174487064,0.5695332245927687,-0.0512575071440623
Serie A,Over2.5,1.55-1.70,0.12+,0.65+,5.0,5.0,1.0,1.672,0.8143858668372932,0.5679037908908398,0.36152274207944285,1.0,-0.1856141331627068,3.3599999999999994,0.6719999999999999,0.2059062970158949,0.5662702872372501,-0.36036399022135523
Serie A,Over2.5,1.70-2.00,0.02-0.05,0.56-0.60,3.0,3.0,1.0,1.7733333333333334,0.5922619361449616,0.5562723843657189,0.05018224879260543,1.0,-0.4077380638550384,2.3200000000000003,0.7733333333333334,0.5238258534167649,0.5865998583437345,-0.0627740049269696
Serie A,Over2.5,1.70-2.00,0.05-0.08,0.56-0.60,5.0,5.0,1.0,1.932,0.5753007035471895,0.5071093769523312,0.11120091017024207,1.0,-0.42469929645281046,4.66,0.932,0.5530102197881812,0.6791975400822877,-0.1261873202941065
Serie A,Over2.5,1.70-2.00,0.08-0.12,0.56-0.60,2.0,2.0,1.0,1.95,0.5768428079831189,0.4925380710659899,0.12484347556708197,1.0,-0.42315719201688107,1.9,0.95,0.5505518610053706,0.7085076298268208,-0.15795576882145024
Serie A,Over2.5,1.70-2.00,0.08-0.12,0.65+,1.0,1.0,1.0,1.75,0.6553748798348008,0.5394736842105263,0.14690603971090144,1.0,-0.3446251201651992,0.75,0.75,0.4225478714428031,0.6171612735820232,-0.19461340213922013
Serie A,Over2.5,1.70-2.00,0.12+,0.60-0.65,3.0,3.0,1.0,1.9366666666666665,0.6372317408392518,0.49981903236606134,0.23395322414401307,1.0,-0.3627682591607482,2.8099999999999996,0.9366666666666665,0.45069570775920437,0.693629021975469,-0.24293331421626468
Serie A,Over2.5,1.70-2.00,0.12+,0.65+,20.0,20.0,1.0,1.8462,0.8033590087493255,0.5233157217935733,0.4834477171631608,1.0,-0.19664099125067447,16.924,0.8462,0.2214687510273179,0.6483109582926705,-0.4268422072653526
Serie A,Over2.5,1.70-2.00,<0.02,0.56-0.60,1.0,1.0,1.0,1.71,0.5732558250427247,0.5581395348837209,-0.019732539176940844,1.0,-0.42674417495727535,0.71,0.71,0.5564231958605568,0.5831462853456169,-0.02672308948506008
Serie A,Over2.5,2.00-2.40,0.05-0.08,0.56-0.60,2.0,2.0,1.0,2.025,0.562335566832469,0.4827619954849739,0.1387263518388454,1.0,-0.437664433167531,2.05,1.025,0.5756565839325392,0.7282321089629722,-0.15257552503043303
Serie A,Over2.5,2.00-2.40,0.08-0.12,0.52-0.56,18.0,18.0,1.0,2.1544444444444446,0.5489007952376308,0.4518460052922936,0.18209858043733826,1.0,-0.4510992047623692,20.779999999999998,1.1544444444444444,0.5999570855393825,0.7950837101139974,-0.19512662457461483
Serie A,Over2.5,2.00-2.40,0.08-0.12,0.56-0.60,1.0,1.0,1.0,2.02,0.5615186911362868,0.48071979434447304,0.1342677560952994,1.0,-0.43848130886371317,1.02,1.02,0.5771102174925088,0.7324707267638596,-0.1553605092713508
Serie A,Over2.5,2.00-2.40,0.12+,0.65+,18.0,18.0,1.0,2.105777777777778,0.8079748047202641,0.46080606059000995,0.6995261355061755,1.0,-0.19202519527973594,19.904,1.1057777777777777,0.21637437475048443,0.7754377008515466,-0.5590633261010622
Serie A,Over2.5,2.40-3.20,0.08-0.12,0.50-0.52,1.0,1.0,1.0,2.47,0.506955782576229,0.3870967741935484,0.2521807829632856,1.0,-0.493044217423771,1.4700000000000002,1.4700000000000002,0.679331493047895,0.9490805546971459,-0.26974906164925094
Serie A,Over2.5,2.40-3.20,0.12+,0.50-0.52,1.0,1.0,1.0,2.5,0.5192307692307693,0.375,0.29807692307692313,1.0,-0.4807692307692307,1.5,1.5,0.6554068525770982,0.9808292530117262,-0.325422400434628
Serie A,Over2.5,2.40-3.20,0.12+,0.52-0.56,1.0,1.0,1.0,2.58,0.5217487555283766,0.381294964028777,0.34611178926321173,1.0,-0.47825124447162337,1.58,1.58,0.6505691182152582,0.9641820195785699,-0.31361290136331166
Serie A,Over2.5,2.40-3.20,0.12+,0.65+,4.0,4.0,1.0,2.4625,0.7542383155850798,0.39981271988572725,0.8572687147535317,1.0,-0.2457616844149202,5.85,1.4625,0.2821280979742864,0.916980863832233,-0.6348527658579466
Serie A,Over2.5,<1.55,0.12+,0.65+,1.0,0.0,0.0,1.528,0.999999,0.6155007549068949,0.5279984719999999,0.0,0.999999,-1.0,-1.0,13.815510557935518,0.9558134533852967,12.859697104550222
Serie A,Under2.5,1.55-1.70,0.02-0.05,0.60-0.65,10.0,7.0,0.7,1.6216000000000002,0.6296296296296297,0.5881080761020707,0.021007407407407454,0.7,-0.0703703703703703,1.32,0.132,0.6218119972667641,0.6322965651700356,-0.010484567903271569
Serie A,Under2.5,1.55-1.70,0.05-0.08,0.60-0.65,11.0,6.0,0.5454545454545454,1.6728484848484846,0.6312997208513225,0.5702372150616098,0.055980519720781115,0.5454545454545454,0.08584517539677705,-0.9986666666666673,-0.09078787878787885,0.7012036436786494,0.6850743441553566,0.016129299523292784
Serie A,Under2.5,1.55-1.70,0.05-0.08,0.65+,12.0,9.0,0.75,1.5886666666666667,0.6649425782759986,0.6007583111644882,0.05636386520067865,0.75,-0.08505742172400144,2.3279999999999994,0.19399999999999995,0.5813521907917935,0.6163698701971217,-0.035017679405328295
Serie A,Under2.5,1.55-1.70,0.08-0.12,0.65+,20.0,13.0,0.65,1.6688000000000003,0.6666666666666666,0.5715434359731824,0.11253333333333344,0.65,0.016666666666666607,1.699999999999999,0.08499999999999995,0.6480666213041453,0.6599911639529348,-0.011924542648789505
Serie A,Under2.5,1.55-1.70,0.12+,0.65+,19.0,18.0,0.9473684210526315,1.6469473684210525,0.8233824945809148,0.587393212341636,0.3552250060979776,0.9473684210526315,-0.12398592647171669,10.725999999999999,0.5645263157894737,0.9243064178234334,0.5557314930876315,0.3685749247358019
Serie A,Under2.5,1.55-1.70,<0.02,0.60-0.65,3.0,0.0,0.0,1.5520000000000003,0.6296296296296297,0.6147602268345194,-0.022814814814814732,0.0,0.6296296296296297,-3.0,-1.0,0.9932517730102836,0.9538901990744396,0.03936157393584394
Serie A,Under2.5,1.70-2.00,0.02-0.05,0.52-0.56,28.0,18.0,0.6428571428571429,1.9087142857142858,0.5333539958039291,0.5030476573056523,0.01801521075719998,0.6428571428571429,-0.10950314705321385,6.34,0.22642857142857142,0.6766618817145231,0.6918509383881792,-0.01518905667365611
Serie A,Under2.5,1.70-2.00,0.05-0.08,0.52-0.56,4.0,3.0,0.75,1.991,0.5327102803738317,0.4794064195904963,0.06062616822429889,0.75,-0.21728971962616828,1.9740000000000002,0.49350000000000005,0.6625346322289571,0.7150758782661665,-0.05254124603720933
Serie A,Under2.5,1.70-2.00,0.05-0.08,0.60-0.65,2.0,2.0,1.0,1.7200000000000002,0.6296296296296297,0.5549811891660307,0.08296296296296313,1.0,-0.37037037037037035,1.4400000000000002,0.7200000000000001,0.46262352194811296,0.5888214015506839,-0.1261978796025709
Serie A,Under2.5,1.70-2.00,0.08-0.12,0.60-0.65,13.0,12.0,0.9230769230769231,1.8336923076923077,0.6287679723660831,0.528225553642142,0.15257958527453613,0.9230769230769231,-0.29430895071084007,9.012,0.6932307692307693,0.5049283555807556,0.6459500761063848,-0.14102172052562922
Serie A,Under2.5,1.70-2.00,0.08-0.12,0.65+,3.0,2.0,0.6666666666666666,1.7246666666666666,0.6666666666666666,0.552965306525784,0.14977777777777793,0.6666666666666666,0.0,0.45599999999999996,0.152,0.6365141682948128,0.6647740310928886,-0.028259862798075797
Serie A,Under2.5,1.70-2.00,0.12+,0.60-0.65,9.0,8.0,0.8888888888888888,1.9206666666666667,0.6254379374303936,0.49956328525601357,0.2011319477322661,0.8888888888888888,-0.2634509514584953,6.374,0.7082222222222222,0.5283070841756582,0.6939917446849857,-0.1656846605093275
Serie A,Under2.5,1.70-2.00,0.12+,0.65+,73.0,62.0,0.8493150684931506,1.8311301369863011,0.7612174434630308,0.5318881265480514,0.39207095021889,0.8493150684931506,-0.08809762503011986,40.495,0.5547260273972603,0.5616118884804577,0.6463565618961759,-0.08474467341571812
Serie A,Under2.5,1.70-2.00,<0.02,0.52-0.56,33.0,21.0,0.6363636363636364,1.821787878787879,0.5332564631630051,0.5252291125891996,-0.028526459521786705,0.6363636363636364,-0.10310717320063123,5.269000000000001,0.1596666666666667,0.6771334686279383,0.6803862843671975,-0.003252815739259174
Serie A,Under2.5,2.00-2.40,0.05-0.08,0.52-0.56,15.0,7.0,0.4666666666666667,2.0601,0.5331108144192255,0.46408888699186407,0.09825033377837103,0.4666666666666667,0.0664441477525588,-0.6805000000000003,-0.04536666666666669,0.6997143776524746,0.6851494087532081,0.014564968899266506
Serie A,Under2.5,2.00-2.40,0.08-0.12,0.52-0.56,19.0,7.0,0.3684210526315789,2.1809736842105263,0.5346943583060503,0.4381503913696136,0.1659210648355084,0.3684210526315789,0.16627330567447135,-3.6955000000000005,-0.19450000000000003,0.7159445458542557,0.6699053703305776,0.04603917552367809
Serie A,Under2.5,2.00-2.40,0.12+,0.52-0.56,2.0,0.0,0.0,2.372,0.5463551401869159,0.4013253234632707,0.29628186915887844,0.0,0.5463551401869159,-2.0,-1.0,0.7908931905517952,0.5130620704118012,0.277831120139994
Serie A,Under2.5,2.00-2.40,0.12+,0.56-0.60,1.0,1.0,1.0,2.3,0.5911442708969117,0.42786069651741293,0.35963182306289676,1.0,-0.4088557291030883,1.2999999999999998,1.2999999999999998,0.5256951781740722,0.8489576118055681,-0.32326243363149587
Serie A,Under2.5,2.00-2.40,0.12+,0.60-0.65,10.0,6.0,0.6,2.11795,0.6225557818059568,0.4566342716740285,0.31847971795894486,0.6,0.022555781805956854,2.6880000000000006,0.26880000000000004,0.6863311058992106,0.7058161593522679,-0.01948505345305729
Serie A,Under2.5,2.00-2.40,0.12+,0.65+,18.0,18.0,1.0,2.1125833333333337,0.7264273854533846,0.4604011062308852,0.535215262549852,1.0,-0.2735726145466154,20.0265,1.1125833333333333,0.32128001723989663,0.7765171998245853,-0.4552371825846887
Serie A,Under2.5,2.40-3.20,0.12+,0.52-0.56,2.0,0.0,0.0,2.4827500000000002,0.5327102803738317,0.37674153338122784,0.3225864485981307,0.0,0.5327102803738317,-2.0,-1.0,0.76080582903376,0.47279397222828684,0.2880118568054732
Serie A,Under2.5,2.40-3.20,0.12+,0.56-0.60,2.0,2.0,1.0,2.435,0.5773219180107116,0.39330479027053855,0.40569752271175386,1.0,-0.42267808198928836,2.87,1.435,0.5493993737634768,0.9337649284262424,-0.38436555466276556
Serie A,Under2.5,2.40-3.20,0.12+,0.65+,6.0,6.0,1.0,2.4566666666666666,0.718566385416211,0.39267264494537774,0.7650047606049162,1.0,-0.281433614583789,8.740000000000002,1.456666666666667,0.3306535793681619,0.9355526598328273,-0.6048990804646655
Serie A,Under2.5,<1.55,0.05-0.08,0.65+,1.0,1.0,1.0,1.55,0.6630379748344422,0.6075949367088608,0.02770886099338532,1.0,-0.33696202516555784,0.55,0.55,0.4109230131598701,0.4982468415591305,-0.0873238283992604
Serie A,Under2.5,<1.55,0.08-0.12,0.65+,1.0,1.0,1.0,1.5100000000000002,0.75,0.6311675622862725,0.13250000000000028,1.0,-0.25,0.5100000000000002,0.5100000000000002,0.2876820724517809,0.4601839013187426,-0.1725018288669617
Serie A,Under2.5,<1.55,0.12+,0.65+,4.0,4.0,1.0,1.5274999999999999,0.8213607285587199,0.6195786621696048,0.2547211180962316,1.0,-0.1786392714412801,2.1100000000000003,0.5275000000000001,0.19691944998427385,0.47890503677330176,-0.2819855867890279
