player_id,season,reason,ts
0,2024,photo_url_not_found_or_download_failed,2025-09-18 17:21:39.595728+00:00
0,2024,photo_url_not_found_or_download_failed,2025-09-18 17:21:40.388626+00:00
0,2024,photo_url_not_found_or_download_failed,2025-09-18 17:21:41.225859+00:00
0,2024,photo_url_not_found_or_download_failed,2025-09-18 17:21:42.014358+00:00
0,2024,photo_url_not_found_or_download_failed,2025-09-18 17:21:42.802910+00:00
0,2024,photo_url_not_found_or_download_failed,2025-09-18 17:21:43.656581+00:00
0,2024,photo_url_not_found_or_download_failed,2025-09-18 17:21:44.490828+00:00
0,2024,photo_url_not_found_or_download_failed,2025-09-18 17:21:45.314629+00:00
0,2024,photo_url_not_found_or_download_failed,2025-09-18 17:21:46.104718+00:00
0,2024,photo_url_not_found_or_download_failed,2025-09-18 17:21:46.947186+00:00
0,2024,photo_url_not_found_or_download_failed,2025-09-18 17:21:47.737160+00:00
0,2024,photo_url_not_found_or_download_failed,2025-09-18 17:21:48.623886+00:00
0,2024,photo_url_not_found_or_download_failed,2025-09-18 17:21:49.446297+00:00
0,2024,photo_url_not_found_or_download_failed,2025-09-18 17:21:50.227138+00:00
0,2024,photo_url_not_found_or_download_failed,2025-09-18 17:21:51.036533+00:00
0,2024,photo_url_not_found_or_download_failed,2025-09-18 17:21:51.893603+00:00
0,2024,photo_url_not_found_or_download_failed,2025-09-18 17:21:52.717182+00:00
0,2024,photo_url_not_found_or_download_failed,2025-09-18 17:21:53.584529+00:00
0,2024,photo_url_not_found_or_download_failed,2025-09-18 17:21:54.465374+00:00
0,2024,photo_url_not_found_or_download_failed,2025-09-18 17:21:55.334590+00:00
167,2024,photo_url_not_found_or_download_failed,2025-09-18 17:22:08.586160+00:00
630,2024,photo_url_not_found_or_download_failed,2025-09-18 17:22:41.288609+00:00
642,2024,photo_url_not_found_or_download_failed,2025-09-18 17:22:42.170340+00:00
758,2024,photo_url_not_found_or_download_failed,2025-09-18 17:22:46.866474+00:00
883,2024,photo_url_not_found_or_download_failed,2025-09-18 17:22:54.186138+00:00
888,2024,photo_url_not_found_or_download_failed,2025-09-18 17:22:55.052141+00:00
1093,2024,photo_url_not_found_or_download_failed,2025-09-18 17:23:05.257583+00:00
1200,2024,photo_url_not_found_or_download_failed,2025-09-18 17:23:11.729970+00:00
1448,2024,photo_url_not_found_or_download_failed,2025-09-18 17:23:23.322644+00:00
2275,2024,photo_url_not_found_or_download_failed,2025-09-18 17:24:04.382142+00:00
2281,2024,photo_url_not_found_or_download_failed,2025-09-18 17:24:05.265103+00:00
18759,2024,photo_url_not_found_or_download_failed,2025-09-18 17:26:03.047308+00:00
18769,2024,photo_url_not_found_or_download_failed,2025-09-18 17:26:03.932236+00:00
18773,2024,photo_url_not_found_or_download_failed,2025-09-18 17:26:04.814266+00:00
18774,2024,photo_url_not_found_or_download_failed,2025-09-18 17:26:05.776059+00:00
18791,2024,photo_url_not_found_or_download_failed,2025-09-18 17:26:07.214274+00:00
18793,2024,photo_url_not_found_or_download_failed,2025-09-18 17:26:08.094993+00:00
18804,2024,photo_url_not_found_or_download_failed,2025-09-18 17:26:08.978078+00:00
18826,2024,photo_url_not_found_or_download_failed,2025-09-18 17:26:11.178913+00:00
18828,2024,photo_url_not_found_or_download_failed,2025-09-18 17:26:12.064488+00:00
18839,2024,photo_url_not_found_or_download_failed,2025-09-18 17:26:12.933896+00:00
18840,2024,photo_url_not_found_or_download_failed,2025-09-18 17:26:13.801177+00:00
18849,2024,photo_url_not_found_or_download_failed,2025-09-18 17:26:14.771653+00:00
18857,2024,photo_url_not_found_or_download_failed,2025-09-18 17:26:15.656690+00:00
18874,2024,photo_url_not_found_or_download_failed,2025-09-18 17:26:16.540243+00:00
18878,2024,photo_url_not_found_or_download_failed,2025-09-18 17:26:17.474241+00:00
18887,2024,photo_url_not_found_or_download_failed,2025-09-18 17:26:18.993294+00:00
18912,2024,photo_url_not_found_or_download_failed,2025-09-18 17:26:19.926973+00:00
18916,2024,photo_url_not_found_or_download_failed,2025-09-18 17:26:20.890235+00:00
18925,2024,photo_url_not_found_or_download_failed,2025-09-18 17:26:21.770495+00:00
18936,2024,photo_url_not_found_or_download_failed,2025-09-18 17:26:22.743707+00:00
18956,2024,photo_url_not_found_or_download_failed,2025-09-18 17:26:23.705385+00:00
18972,2024,photo_url_not_found_or_download_failed,2025-09-18 17:26:24.584895+00:00
18977,2024,photo_url_not_found_or_download_failed,2025-09-18 17:26:25.450027+00:00
18980,2024,photo_url_not_found_or_download_failed,2025-09-18 17:26:26.370338+00:00
18985,2024,photo_url_not_found_or_download_failed,2025-09-18 17:26:27.301162+00:00
18994,2024,photo_url_not_found_or_download_failed,2025-09-18 17:26:28.169423+00:00
19011,2024,photo_url_not_found_or_download_failed,2025-09-18 17:26:29.150111+00:00
19019,2024,photo_url_not_found_or_download_failed,2025-09-18 17:26:30.779700+00:00
19091,2024,photo_url_not_found_or_download_failed,2025-09-18 17:26:35.539624+00:00
19095,2024,photo_url_not_found_or_download_failed,2025-09-18 17:26:36.502198+00:00
19098,2024,photo_url_not_found_or_download_failed,2025-09-18 17:26:37.432659+00:00
19112,2024,photo_url_not_found_or_download_failed,2025-09-18 17:26:38.319311+00:00
19117,2024,photo_url_not_found_or_download_failed,2025-09-18 17:26:39.220378+00:00
19126,2024,photo_url_not_found_or_download_failed,2025-09-18 17:26:40.108329+00:00
19129,2024,photo_url_not_found_or_download_failed,2025-09-18 17:26:41.008359+00:00
19148,2024,photo_url_not_found_or_download_failed,2025-09-18 17:26:41.924108+00:00
19168,2024,photo_url_not_found_or_download_failed,2025-09-18 17:26:42.807162+00:00
19181,2024,photo_url_not_found_or_download_failed,2025-09-18 17:26:43.725001+00:00
19186,2024,photo_url_not_found_or_download_failed,2025-09-18 17:26:44.621562+00:00
19629,2024,photo_url_not_found_or_download_failed,2025-09-18 17:26:56.683710+00:00
82227,2024,photo_url_not_found_or_download_failed,2025-09-18 17:35:24.673340+00:00
138919,2024,photo_url_not_found_or_download_failed,2025-09-18 17:37:39.285932+00:00
138936,2024,photo_url_not_found_or_download_failed,2025-09-18 17:37:40.138083+00:00
152963,2024,photo_url_not_found_or_download_failed,2025-09-18 17:38:05.403710+00:00
154793,2024,photo_url_not_found_or_download_failed,2025-09-18 17:38:09.261967+00:00
174926,2024,photo_url_not_found_or_download_failed,2025-09-18 17:39:28.915194+00:00
181822,2024,photo_url_not_found_or_download_failed,2025-09-18 17:39:47.038696+00:00
284208,2024,photo_url_not_found_or_download_failed,2025-09-18 17:43:01.800575+00:00
389306,2024,photo_url_not_found_or_download_failed,2025-09-18 17:49:53.202178+00:00
396757,2024,photo_url_not_found_or_download_failed,2025-09-18 17:50:29.109535+00:00
396757,2024,photo_url_not_found_or_download_failed,2025-09-18 17:50:29.902010+00:00
496425,2024,photo_url_not_found_or_download_failed,2025-09-18 17:54:45.827551+00:00
529476,2025,download_failed_or_not_image,2025-09-18 17:55:50.100912+00:00
529476,2024,photo_url_not_found_or_download_failed,2025-09-18 17:55:50.519495+00:00
