date,home_team,away_team,home_goals,away_goals
15/08/2025,Liverpool,Bournemouth,4,2
16/08/2025,Aston Villa,Newcastle,0,0
16/08/2025,Brighton,Fulham,1,1
16/08/2025,Sunderland,West Ham,3,0
16/08/2025,Tottenham,Burnley,3,0
16/08/2025,Wolves,Man City,0,4
17/08/2025,Chelsea,Crystal Palace,0,0
17/08/2025,Nott'm Forest,Brentford,3,1
17/08/2025,Man United,Arsenal,0,1
18/08/2025,Leeds,Everton,1,0
22/08/2025,West Ham,Chelsea,1,5
23/08/2025,Man City,Tottenham,0,2
23/08/2025,Bournemouth,Wolves,1,0
23/08/2025,Brentford,Aston Villa,1,0
23/08/2025,Burnley,Sunderland,2,0
23/08/2025,Arsenal,Leeds,5,0
24/08/2025,Crystal Palace,Nott'm Forest,1,1
24/08/2025,Everton,Brighton,2,0
24/08/2025,Fulham,Man United,1,1
25/08/2025,Newcastle,Liverpool,2,3
30/08/2025,Chelsea,Fulham,2,0
30/08/2025,Man United,Burnley,3,2
30/08/2025,Sunderland,Brentford,2,1
30/08/2025,Tottenham,Bournemouth,0,1
30/08/2025,Wolves,Everton,2,3
30/08/2025,Leeds,Newcastle,0,0
31/08/2025,Brighton,Man City,2,1
31/08/2025,Nott'm Forest,West Ham,0,3
31/08/2025,Liverpool,Arsenal,1,0
31/08/2025,Aston Villa,Crystal Palace,0,3
13/09/2025,Arsenal,Nott'm Forest,3,0
13/09/2025,Bournemouth,Brighton,2,1
13/09/2025,Crystal Palace,Sunderland,0,0
13/09/2025,Everton,Aston Villa,0,0
13/09/2025,Fulham,Leeds,1,0
13/09/2025,Newcastle,Wolves,1,0
13/09/2025,West Ham,Tottenham,0,3
13/09/2025,Brentford,Chelsea,2,2
14/09/2025,Burnley,Liverpool,0,1
14/09/2025,Man City,Man United,3,0
20/09/2025,Liverpool,Everton,2,1
20/09/2025,Brighton,Tottenham,2,2
20/09/2025,Burnley,Nott'm Forest,1,1
20/09/2025,West Ham,Crystal Palace,1,2
20/09/2025,Wolves,Leeds,1,3
20/09/2025,Man United,Chelsea,2,1
20/09/2025,Fulham,Brentford,3,1
21/09/2025,Bournemouth,Newcastle,0,0
21/09/2025,Sunderland,Aston Villa,1,1
21/09/2025,Arsenal,Man City,1,1
27/09/2025,Brentford,Man United,3,1
27/09/2025,Chelsea,Brighton,1,3
27/09/2025,Crystal Palace,Liverpool,2,1
27/09/2025,Leeds,Bournemouth,2,2
27/09/2025,Man City,Burnley,5,1
27/09/2025,Nott'm Forest,Sunderland,0,1
27/09/2025,Tottenham,Wolves,1,1
28/09/2025,Aston Villa,Fulham,3,1
28/09/2025,Newcastle,Arsenal,1,2
29/09/2025,Everton,West Ham,1,1
03/10/2025,Bournemouth,Fulham,3,1
04/10/2025,Leeds,Tottenham,1,2
04/10/2025,Arsenal,West Ham,2,0
04/10/2025,Man United,Sunderland,2,0
04/10/2025,Chelsea,Liverpool,2,1
05/10/2025,Aston Villa,Burnley,2,1
05/10/2025,Everton,Crystal Palace,2,1
05/10/2025,Newcastle,Nott'm Forest,2,0
05/10/2025,Wolves,Brighton,1,1
05/10/2025,Brentford,Man City,0,1
18/10/2025,Nott'm Forest,Chelsea,0,3
18/10/2025,Brighton,Newcastle,2,1
18/10/2025,Burnley,Leeds,2,0
18/10/2025,Crystal Palace,Bournemouth,3,3
18/10/2025,Man City,Everton,2,0
18/10/2025,Sunderland,Wolves,2,0
18/10/2025,Fulham,Arsenal,0,1
19/10/2025,Tottenham,Aston Villa,1,2
19/10/2025,Liverpool,Man United,1,2
20/10/2025,West Ham,Brentford,0,2
24/10/2025,Leeds,West Ham,2,1
25/10/2025,Chelsea,Sunderland,1,2
25/10/2025,Newcastle,Fulham,2,1
25/10/2025,Man United,Brighton,4,2
25/10/2025,Brentford,Liverpool,3,2
26/10/2025,Arsenal,Crystal Palace,1,0
26/10/2025,Aston Villa,Man City,1,0
26/10/2025,Bournemouth,Nott'm Forest,2,0
26/10/2025,Wolves,Burnley,2,3
26/10/2025,Everton,Tottenham,0,3
01/11/2025,Brighton,Leeds,3,0
01/11/2025,Burnley,Arsenal,0,2
01/11/2025,Crystal Palace,Brentford,2,0
01/11/2025,Fulham,Wolves,3,0
01/11/2025,Nott'm Forest,Man United,2,2
01/11/2025,Tottenham,Chelsea,0,1
01/11/2025,Liverpool,Aston Villa,2,0
02/11/2025,West Ham,Newcastle,3,1
02/11/2025,Man City,Bournemouth,3,1
03/11/2025,Sunderland,Everton,1,1
08/11/2025,Tottenham,Man United,2,2
08/11/2025,Everton,Fulham,2,0
08/11/2025,West Ham,Burnley,3,2
08/11/2025,Sunderland,Arsenal,2,2
08/11/2025,Chelsea,Wolves,3,0
09/11/2025,Aston Villa,Bournemouth,4,0
09/11/2025,Brentford,Newcastle,3,1
09/11/2025,Crystal Palace,Brighton,0,0
09/11/2025,Nott'm Forest,Leeds,3,1
09/11/2025,Man City,Liverpool,3,0
22/11/2025,Burnley,Chelsea,0,2
22/11/2025,Bournemouth,West Ham,2,2
22/11/2025,Brighton,Brentford,2,1
22/11/2025,Fulham,Sunderland,1,0
22/11/2025,Liverpool,Nott'm Forest,0,3
22/11/2025,Wolves,Crystal Palace,0,2
22/11/2025,Newcastle,Man City,2,1
23/11/2025,Leeds,Aston Villa,1,2
23/11/2025,Arsenal,Tottenham,4,1
24/11/2025,Man United,Everton,0,1
29/11/2025,Brentford,Burnley,3,1
29/11/2025,Man City,Leeds,3,2
29/11/2025,Sunderland,Bournemouth,3,2
29/11/2025,Everton,Newcastle,1,4
29/11/2025,Tottenham,Fulham,1,2
30/11/2025,Crystal Palace,Man United,1,2
30/11/2025,Aston Villa,Wolves,1,0
30/11/2025,Nott'm Forest,Brighton,0,2
30/11/2025,West Ham,Liverpool,0,2
30/11/2025,Chelsea,Arsenal,1,1
02/12/2025,Bournemouth,Everton,0,1
02/12/2025,Fulham,Man City,4,5
02/12/2025,Newcastle,Tottenham,2,2
03/12/2025,Arsenal,Brentford,2,0
03/12/2025,Brighton,Aston Villa,3,4
03/12/2025,Burnley,Crystal Palace,0,1
03/12/2025,Wolves,Nott'm Forest,0,1
03/12/2025,Leeds,Chelsea,3,1
03/12/2025,Liverpool,Sunderland,1,1
04/12/2025,Man United,West Ham,1,1
06/12/2025,Aston Villa,Arsenal,2,1
06/12/2025,Bournemouth,Chelsea,0,0
06/12/2025,Everton,Nott'm Forest,3,0
06/12/2025,Man City,Sunderland,3,0
06/12/2025,Newcastle,Burnley,2,1
06/12/2025,Tottenham,Brentford,2,0
06/12/2025,Leeds,Liverpool,3,3
07/12/2025,Brighton,West Ham,1,1
07/12/2025,Fulham,Crystal Palace,1,2
08/12/2025,Wolves,Man United,1,4
13/12/2025,Chelsea,Everton,2,0
13/12/2025,Liverpool,Brighton,2,0
13/12/2025,Burnley,Fulham,2,3
13/12/2025,Arsenal,Wolves,2,1
14/12/2025,Crystal Palace,Man City,0,3
14/12/2025,Nott'm Forest,Tottenham,3,0
14/12/2025,Sunderland,Newcastle,1,0
14/12/2025,West Ham,Aston Villa,2,3
14/12/2025,Brentford,Leeds,1,1
15/12/2025,Man United,Bournemouth,4,4
20/12/2025,Newcastle,Chelsea,2,2
20/12/2025,Bournemouth,Burnley,1,1
20/12/2025,Brighton,Sunderland,0,0
20/12/2025,Man City,West Ham,3,0
20/12/2025,Wolves,Brentford,0,2
20/12/2025,Tottenham,Liverpool,1,2
20/12/2025,Everton,Arsenal,0,1
20/12/2025,Leeds,Crystal Palace,4,1
21/12/2025,Aston Villa,Man United,2,1
22/12/2025,Fulham,Nott'm Forest,1,0
26/12/2025,Man United,Newcastle,1,0
27/12/2025,Nott'm Forest,Man City,1,2
27/12/2025,Arsenal,Brighton,2,1
27/12/2025,Brentford,Bournemouth,4,1
27/12/2025,Burnley,Everton,0,0
27/12/2025,Liverpool,Wolves,2,1
27/12/2025,West Ham,Fulham,0,1
27/12/2025,Chelsea,Aston Villa,1,2
28/12/2025,Sunderland,Leeds,1,1
28/12/2025,Crystal Palace,Tottenham,0,1
30/12/2025,Burnley,Newcastle,1,3
30/12/2025,Chelsea,Bournemouth,2,2
30/12/2025,Nott'm Forest,Everton,0,2
30/12/2025,West Ham,Brighton,2,2
30/12/2025,Arsenal,Aston Villa,4,1
30/12/2025,Man United,Wolves,1,1
01/01/2026,Crystal Palace,Fulham,1,1
01/01/2026,Liverpool,Leeds,0,0
01/01/2026,Brentford,Tottenham,0,0
01/01/2026,Sunderland,Man City,0,0
03/01/2026,Aston Villa,Nott'm Forest,3,1
03/01/2026,Brighton,Burnley,2,0
03/01/2026,Wolves,West Ham,3,0
03/01/2026,Bournemouth,Arsenal,2,3
04/01/2026,Leeds,Man United,1,1
04/01/2026,Everton,Brentford,2,4
04/01/2026,Newcastle,Crystal Palace,2,0
04/01/2026,Tottenham,Sunderland,1,1
04/01/2026,Fulham,Liverpool,2,2
04/01/2026,Man City,Chelsea,1,1
06/01/2026,West Ham,Nott'm Forest,1,2
07/01/2026,Bournemouth,Tottenham,3,2
07/01/2026,Brentford,Sunderland,3,0
07/01/2026,Crystal Palace,Aston Villa,0,0
07/01/2026,Everton,Wolves,1,1
07/01/2026,Fulham,Chelsea,2,1
07/01/2026,Man City,Brighton,1,1
07/01/2026,Burnley,Man United,2,2
07/01/2026,Newcastle,Leeds,4,3
08/01/2026,Arsenal,Liverpool,0,0
17/01/2026,Man United,Man City,2,0
17/01/2026,Chelsea,Brentford,2,0
17/01/2026,Leeds,Fulham,1,0
17/01/2026,Liverpool,Burnley,1,1
17/01/2026,Sunderland,Crystal Palace,2,1
17/01/2026,Tottenham,West Ham,1,2
17/01/2026,Nott'm Forest,Arsenal,0,0
18/01/2026,Wolves,Newcastle,0,0
18/01/2026,Aston Villa,Everton,0,1
19/01/2026,Brighton,Bournemouth,1,1
24/01/2026,West Ham,Sunderland,3,1
24/01/2026,Burnley,Tottenham,2,2
24/01/2026,Fulham,Brighton,2,1
24/01/2026,Man City,Wolves,2,0
24/01/2026,Bournemouth,Liverpool,3,2
25/01/2026,Brentford,Nott'm Forest,0,2
25/01/2026,Crystal Palace,Chelsea,1,3
25/01/2026,Newcastle,Aston Villa,0,2
25/01/2026,Arsenal,Man United,2,3
26/01/2026,Everton,Leeds,1,1
31/01/2026,Brighton,Everton,1,1
31/01/2026,Leeds,Arsenal,0,4
31/01/2026,Wolves,Bournemouth,0,2
31/01/2026,Chelsea,West Ham,3,2
31/01/2026,Liverpool,Newcastle,4,1
01/02/2026,Aston Villa,Brentford,0,1
01/02/2026,Man United,Fulham,3,2
01/02/2026,Nott'm Forest,Crystal Palace,1,1
01/02/2026,Tottenham,Man City,2,2
02/02/2026,Sunderland,Burnley,3,0
06/02/2026,Leeds,Nott'm Forest,3,1
07/02/2026,Man United,Tottenham,2,0
07/02/2026,Arsenal,Sunderland,3,0
07/02/2026,Bournemouth,Aston Villa,1,1
07/02/2026,Burnley,West Ham,0,2
07/02/2026,Fulham,Everton,1,2
07/02/2026,Wolves,Chelsea,1,3
07/02/2026,Newcastle,Brentford,2,3
08/02/2026,Brighton,Crystal Palace,0,1
08/02/2026,Liverpool,Man City,1,2
10/02/2026,Chelsea,Leeds,2,2
10/02/2026,Everton,Bournemouth,1,2
10/02/2026,Tottenham,Newcastle,1,2
10/02/2026,West Ham,Man United,1,1
11/02/2026,Aston Villa,Brighton,1,0
11/02/2026,Crystal Palace,Burnley,2,3
11/02/2026,Man City,Fulham,3,0
11/02/2026,Nott'm Forest,Wolves,0,0
11/02/2026,Sunderland,Liverpool,0,1
12/02/2026,Brentford,Arsenal,1,1
18/02/2026,Wolves,Arsenal,2,2
21/02/2026,Aston Villa,Leeds,1,1
21/02/2026,Brentford,Brighton,0,2
21/02/2026,Chelsea,Burnley,1,1
21/02/2026,West Ham,Bournemouth,0,0
21/02/2026,Man City,Newcastle,2,1
22/02/2026,Crystal Palace,Wolves,1,0
22/02/2026,Nott'm Forest,Liverpool,0,1
22/02/2026,Sunderland,Fulham,1,3
22/02/2026,Tottenham,Arsenal,1,4
23/02/2026,Everton,Man United,0,1
27/02/2026,Wolves,Aston Villa,2,0
28/02/2026,Bournemouth,Sunderland,1,1
28/02/2026,Burnley,Brentford,3,4
28/02/2026,Liverpool,West Ham,5,2
28/02/2026,Newcastle,Everton,2,3
28/02/2026,Leeds,Man City,0,1
01/03/2026,Brighton,Nott'm Forest,2,1
01/03/2026,Fulham,Tottenham,2,1
01/03/2026,Man United,Crystal Palace,2,1
01/03/2026,Arsenal,Chelsea,2,1
03/03/2026,Bournemouth,Brentford,0,0
03/03/2026,Everton,Burnley,2,0
03/03/2026,Leeds,Sunderland,0,1
03/03/2026,Wolves,Liverpool,2,1
04/03/2026,Aston Villa,Chelsea,1,4
04/03/2026,Brighton,Arsenal,0,1
04/03/2026,Fulham,West Ham,0,1
04/03/2026,Man City,Nott'm Forest,2,2
04/03/2026,Newcastle,Man United,2,1
05/03/2026,Tottenham,Crystal Palace,1,3
